date,oro,plata,petroleo,gas_natural,indice_oro,indice_plata,indice_petroleo,indice_gas_natural,indice_general_mx,alimentos_bebidas_mx,vivienda_mx,educacion_mx,transporte_mx,indice_general_es,alimentos_bebidas_es,vivienda_es,educacion_es,transporte_es
2002-01-01,282.1000061035156,4.216000080108643,19.479999542236328,2.1500000953674316,15.73340803700589,22.738795085684092,49.60529492019686,122.78698103877923,50.900472,42.16942,61.626643,41.732013,46.470676,69.53,65.859,58.763,58.352,63.805
2002-02-01,296.70001220703125,4.497000217437744,21.850000381469727,2.3550000190734863,16.547686124206987,24.25435590645402,55.64043831619051,134.49457202879023,50.86775,42.448387,62.197386,41.879139,46.871124,69.59,65.836,58.888,58.43,64.089
2002-03-01,302.6000061035156,4.640999794006348,26.229999542236328,3.244999885559082,16.87674322942084,25.031010745591114,66.7939883791131,185.3226612768547,51.127948,42.693526,62.530389,41.942637,47.082782,70.165,66.185,59.041,58.496,65.007
2002-04-01,308.8999938964844,4.5320000648498535,27.290000915527344,3.765000104904175,17.228108973590874,24.443125911959726,69.49325336748784,215.01998883068217,51.407235,42.830932,62.865571,41.950208,47.347092,71.118,66.614,59.223,58.556,66.018
2002-05-01,326.5,5.026000022888184,25.350000381469727,3.2170000076293945,18.209704406023423,27.10749109334764,64.55309418377671,183.72358205455672,51.511429,42.919331,63.171691,41.961703,47.563243,71.374,66.902,59.324,58.563,66.191
2002-06-01,313.5,4.833000183105469,26.860000610351562,3.244999885559082,17.484662576687114,26.066555674704116,68.39826915520534,185.3226612768547,51.762586,42.8877,63.479513,42.024481,47.669584,71.377,67.075,59.47,58.571,65.545
2002-07-01,303.20001220703125,4.59499979019165,27.020000457763672,2.9539999961853027,16.91020703887514,24.78291192187,68.80570446344831,168.70359322387455,51.911181,42.870388,63.748264,42.064057,47.739919,70.882,67.354,59.607,58.587,65.585
2002-08-01,312.3999938964844,4.436999797821045,28.979999542236328,3.2960000038146973,17.42331254302757,23.93074650873218,73.79678941793082,188.23528931195136,52.10856,42.93905,64.018251,42.606128,47.813813,71.085,67.672,59.696,58.603,65.784
2002-10-01,318.0,4.499000072479248,27.219999313354492,4.156000137329102,17.7356385945343,24.265142029111935,69.31499617024605,237.35008717391815,52.653036,43.265218,64.528673,45.705647,48.046425,72.058,68.153,59.927,60.469,66.341
2002-11-01,316.79998779296875,4.414000034332275,26.889999389648438,4.199999809265137,17.668710975625697,23.806698382770843,68.47466023986838,239.8629181711648,53.078877,43.398901,64.753667,45.705647,48.13291,72.169,68.252,59.916,60.587,65.445
2003-01-01,368.29998779296875,4.853000164031982,33.5099983215332,5.605000019073486,20.540992068765686,26.17442461667859,85.33230947520471,320.1027909474197,53.525441,43.793016,65.25544,45.871815,48.632372,72.111,69.057,60.487,61.016,66.841
2003-02-01,350.20001220703125,4.585000038146973,36.599998474121094,8.10099983215332,19.531512114167946,24.728978736781983,93.20091175829177,462.6498924018751,53.674122,44.078509,65.621611,46.166016,48.826035,72.264,68.826,60.749,61.389,67.473
2003-03-01,335.8999938964844,4.460999965667725,31.040000915527344,5.059999942779541,18.733965080673975,24.060190267820918,79.04252751133019,288.97771603313157,54.01293,44.3289,65.930075,46.2396,48.892812,72.765,69.071,61.123,61.43,68.04
2003-04-01,339.1000061035156,4.638000011444092,25.799999237060547,5.385000228881836,18.912437596403546,25.014831561604247,65.69900416683059,307.5385542643599,54.105144,44.462383,66.150009,46.310821,48.990382,73.357,69.1,61.147,61.435,67.033
2003-05-01,364.5,4.526000022888184,29.559999465942383,6.25,20.329057445621864,24.410764972187543,75.27374362456463,356.93888253582594,53.93056,44.589542,66.358076,46.329178,49.080113,73.289,69.292,61.021,61.449,66.299
2003-07-01,354.0,5.116000175476074,30.540000915527344,4.7179999351501465,19.743446737311768,27.59290261813196,77.76929095881788,269.4460199450548,54.053339,44.627781,66.72033,46.414885,49.169418,72.878,69.801,61.157,61.507,66.65
2003-08-01,375.70001220703125,5.109000205993652,31.56999969482422,4.730999946594238,20.95370954863532,27.555148617030817,80.39215514850557,270.1884534743039,54.21549,44.687123,66.930639,47.411867,49.243409,73.213,70.404,61.283,61.518,67.05
2003-09-01,385.3999938964844,5.13700008392334,29.200000762939453,4.829999923706055,21.494701276992995,27.706164621435388,74.35701660952392,275.8423640665222,54.538238,44.753627,67.132316,49.619054,49.336372,73.431,71.018,61.359,61.959,67.008
2003-10-01,384.5,5.059000015258789,29.110000610351562,4.89300012588501,21.44450641383157,27.285474976195434,74.12783364151075,279.44031954896815,54.738207,44.955056,67.33527,49.616085,49.406239,73.926,71.06,61.532,63.4,66.457
2003-11-01,396.79998779296875,5.355000019073486,30.40999984741211,4.925000190734863,22.130506848464513,28.881936860496598,77.43824673523795,281.26785033114106,55.192542,45.236015,67.480476,49.6325,49.516844,74.167,71.162,61.702,63.535,66.485
2003-12-01,415.70001220703125,5.953000068664551,32.52000045776367,6.189000129699707,23.184607485054727,32.10722156887111,82.81130654108377,353.45516644945525,55.429811,45.535416,67.611436,49.633049,49.557666,74.294,71.467,61.729,63.576,66.502
2004-01-01,402.20001220703125,6.245999813079834,33.04999923706055,5.396999835968018,22.431679431513178,33.68750169738697,84.16093417825914,308.2238544794336,55.774317,45.964509,67.83739,49.757649,50.91995,73.773,71.827,62.157,63.759,66.987
2004-03-01,427.29998779296875,7.935999870300293,35.7599983215332,5.933000087738037,23.831566524984314,42.80243629552392,91.06187396151012,338.83494742434755,56.298071,46.598119,68.56468,50.03065,52.278003,74.322,71.906,62.625,63.85,68.14
2004-04-01,387.0,6.078000068664551,37.380001068115234,5.861999988555908,21.58393753485778,32.781403099161146,95.1871673857473,334.78011605442725,56.383032,46.796606,68.917459,50.134746,52.974913,75.34,72.258,62.861,63.873,68.827
2004-05-01,394.0,6.105000019073486,39.880001068115234,6.441999912261963,21.974344673731178,32.927026042236754,101.55335014830887,367.9040399965878,56.241603,47.012369,69.158559,50.205468,53.070447,75.784,72.582,63.073,63.885,69.959
2004-06-01,392.6000061035156,5.776000022888184,37.04999923706055,6.15500020980835,21.89626358636451,31.152580275087793,94.34682659835765,351.51342350348267,56.331745,47.234104,69.318031,50.274833,53.087678,75.904,72.592,63.206,63.893,70.084
2004-07-01,391.0,6.550000190734863,43.79999923706055,6.111999988555908,21.80702732849972,35.327113215916675,111.5355200572739,349.0576713558603,56.47939,47.409787,69.469668,50.406035,53.231149,75.328,72.912,63.413,63.917,70.179
2004-09-01,418.70001220703125,6.915999889373779,49.63999938964844,6.795000076293945,23.351924830286183,37.30111511122926,126.40692337917866,388.06395745011406,57.297917,47.877852,69.770345,53.345372,53.360648,75.796,73.144,63.792,64.467,71.046
2004-10-01,428.5,7.291999816894531,51.7599983215332,8.725000381469727,23.89849414389292,39.32905276342829,131.80544364190416,498.2867018058335,57.694747,48.215067,69.875,53.345863,53.463879,76.575,73.166,64.34,65.763,71.865
2004-11-01,451.29998779296875,7.7230000495910645,49.130001068115234,7.619999885559082,25.17010528683596,41.65363193490593,125.10822636978666,435.17987905193286,58.186899,48.420616,70.004449,53.348276,53.554115,76.767,73.441,64.368,66.171,71.428
2004-12-01,437.5,6.807000160217285,43.45000076293945,6.14900016784668,24.400446179587284,36.713230277597866,110.64425835612485,351.170759779808,58.307088,48.742303,70.111334,53.354146,53.700656,76.692,73.643,64.277,66.238,70.523
2005-01-01,421.79998779296875,6.736999988555908,48.20000076293945,6.321000099182129,23.524818058726645,36.335687694788014,122.74000560499185,360.99371390574623,58.30916,48.995461,70.298606,53.643844,54.333225,76.046,74.154,64.618,66.514,70.427
2005-02-01,436.5,7.359000205993652,51.75,6.730000019073486,24.3446737311768,39.69041616225127,131.77998318502446,384.35178980386837,58.503431,49.212898,70.562171,53.755859,54.60521,76.243,74.013,64.877,66.532,71.399
2005-03-01,428.70001220703125,7.190999984741211,55.400001525878906,7.6529998779296875,23.909649314391036,38.784314992226996,141.07461390397395,437.0645159160056,58.767121,49.349664,70.662508,53.807748,54.812722,76.846,74.316,65.378,66.552,72.334
2005-04-01,435.0,6.9019999504089355,49.720001220703125,6.585000038146973,24.26101505856107,37.22560710902697,126.61064589031214,376.07080881832826,58.976415,49.448802,70.785253,53.850354,55.083081,77.953,74.801,66.28,66.575,73.169
2005-06-01,435.8999938964844,7.0279998779296875,56.5,6.980999946594238,24.311209921722497,37.905181700645954,143.87573043389145,398.68645118720127,58.771783,49.746076,70.975953,54.012574,55.27058,78.284,74.883,66.523,66.593,73.798
2005-07-01,429.8999938964844,7.23799991607666,60.56999969482422,7.885000228881836,23.976575231259588,39.03780687727707,154.2398751942198,450.3141072786903,59.0018,49.782797,71.123244,54.058919,55.253771,77.805,74.724,67.082,66.62,75.04
2005-08-01,433.79998779296875,6.781000137329102,68.94000244140625,11.472000122070312,24.194087439652467,36.57300039585122,175.55386207737317,655.1684646436217,59.072255,49.851742,71.231093,54.591442,55.316646,78.147,74.999,67.375,66.628,75.87
2005-09-01,469.0,7.458000183105469,66.23999786376953,13.920999526977539,26.15727830451757,40.22436781079464,168.6783730369779,795.0313623905798,59.309006,50.045914,71.422832,56.891555,55.466773,78.627,75.159,67.67,67.118,77.533
2005-10-01,465.1000061035156,7.550000190734863,59.7599983215332,12.204999923706055,25.93976609612469,40.72056545823688,152.17722848210119,697.0302454587968,59.45458,50.228862,71.627139,56.889063,55.484327,79.266,75.295,68.08,68.741,76.967
2005-11-01,494.6000061035156,8.279999732971191,57.31999969482422,12.630000114440918,27.585053324234,44.657783126204116,145.96383760288973,721.3021003641431,59.882493,50.344314,71.775701,56.889063,55.58935,79.386,75.749,68.207,68.913,75.571
2005-12-01,517.0999755859375,8.819999694824219,61.040000915527344,11.225000381469727,28.839931711429866,47.570247131313145,155.436720662069,641.0622548201638,60.250312,50.541415,71.902124,56.890253,55.666655,79.557,76.712,68.128,68.948,74.899
2006-02-01,561.5999755859375,9.720000267028809,61.40999984741211,6.714000225067139,31.321805665696456,52.42435723555946,156.3789129910014,383.4380380289197,60.696358,50.991693,72.45802,57.218584,56.091118,79.272,77.218,69.928,69.102,76.537
2006-03-01,581.7999877929688,11.479999542236328,66.62999725341797,7.210000038146973,32.448409804404285,61.91682927290938,169.67149599369367,411.76469707191086,60.772512,51.131948,72.812426,57.287105,56.216554,79.833,77.25,70.283,69.129,76.987
2006-04-01,651.7999877929688,13.510000228881836,71.87999725341797,6.554999828338623,36.352481193138246,72.86554102820914,183.04047979507294,374.357490199955,60.861617,51.215338,73.124963,57.360132,56.25936,80.959,77.398,71.031,69.175,78.105
2006-05-01,642.5,12.39799976348877,71.29000091552734,6.383999824523926,35.833798103736754,66.86801962467379,181.53806998857144,364.59164215591665,60.590675,51.322859,73.429082,57.437566,56.311155,81.251,77.565,71.293,69.18,78.992
2006-06-01,613.5,10.90999984741211,73.9800033569336,6.085000038146973,34.21639709983268,58.84256314073786,188.38808885806307,347.5156982154622,60.642998,51.469205,73.733009,57.52891,56.353253,81.374,77.98,71.37,69.186,78.727
2006-07-01,634.2000122070312,11.324999809265137,74.4000015258789,8.211000442504883,35.37088746274575,61.08084561555687,189.4576028994419,468.93205159181844,60.809294,51.605285,73.919792,57.570421,56.476156,80.89,78.298,71.617,69.233,79.363
2006-08-01,625.9000244140625,12.899999618530273,70.26000213623047,6.047999858856201,34.90797682175474,69.57553186849181,178.91520579888376,345.40260979151446,61.119609,51.71494,74.077101,58.049366,56.822342,81.055,78.423,71.689,69.251,79.484
2006-09-01,598.5999755859375,11.449999809265137,62.90999984741211,5.619999885559082,33.385386256884416,61.755027145846896,160.19862264853833,320.95943664046854,61.736612,52.111821,74.201684,60.134136,56.872885,80.922,78.642,71.622,69.781,77.677
2006-11-01,646.9000244140625,13.925000190734863,63.130001068115234,8.843999862670898,36.07919823837493,75.10382350302814,160.75884984013143,505.08278850059975,62.331857,52.70487,74.401465,60.134136,56.943927,81.455,78.73,71.421,71.903,75.97
2006-12-01,635.2000122070312,12.817999839782715,61.04999923706055,6.298999786376953,35.426659911156236,69.13326997793602,155.4621811189487,359.73727117484736,62.692424,53.118954,74.584495,60.136427,57.061493,81.678,79.148,71.496,71.987,76.264
2007-01-01,652.0,13.513999938964844,58.13999938964844,7.666999816894531,36.36363636363637,72.88711327352496,148.051944771888,437.8640555271546,63.016208,53.893661,74.891471,60.249346,57.918986,81.129,79.275,72.336,72.234,76.18
2007-02-01,669.4000244140625,14.100000381469727,61.790000915527344,7.300000190734863,37.33407832761085,76.04767867415354,157.3465754908375,416.90462569475494,63.192347,54.075038,75.218881,60.426798,58.224378,81.184,79.146,72.576,72.282,76.456
2007-03-01,663.0,13.390000343322754,65.87000274658203,7.730000019073486,36.9771332961517,72.21832737636234,167.73619042206948,441.46201100960053,63.329113,54.157194,75.426135,60.495318,58.28614,81.8,79.456,73.021,72.302,77.564
2007-05-01,661.0,13.409000396728516,64.01000213623047,7.934999942779541,36.865588399330726,72.32080325700784,162.99974889247983,453.16960199961153,62.982534,54.477876,75.794707,60.624211,58.357324,83.158,80.008,73.406,72.321,79.374
2007-06-01,648.0999755859375,12.352999687194824,70.68000030517578,6.7729997634887695,36.146122453203425,66.62531386228163,179.98471984026258,386.80751471921513,63.05817,54.751047,75.910388,60.768342,58.434389,83.311,80.153,73.596,72.337,79.691
2007-08-01,673.0,12.062999725341797,74.04000091552734,5.4679999351501465,37.53485778025655,65.06121291775266,188.54087102738916,312.2786858493539,63.583996,55.369503,76.242683,61.468765,58.642864,82.818,80.618,73.937,72.39,79.435
2007-09-01,742.7999877929688,13.793999671936035,81.66000366210938,6.869999885559082,41.4277739984924,74.39727846116749,207.94500308177413,392.34721314763374,64.077703,55.773244,76.436138,63.543088,58.695962,83.09,81.349,73.914,72.929,79.673
2007-10-01,792.0,14.376999855041504,94.52999877929688,8.329999923706055,44.171779141104295,77.54166210601076,240.71809950949037,475.72813828658474,64.327405,56.334129,76.551808,63.543088,58.771534,84.167,82.929,74.406,74.694,79.902
2007-11-01,782.2000122070312,13.963000297546387,88.70999908447266,7.302000045776367,43.62520982749756,75.30877526431917,225.89762681536897,417.01883785855466,64.781221,56.7284,76.700277,63.543088,58.822098,84.77,83.672,74.809,74.864,80.999
2007-12-01,834.9000244140625,14.79699993133545,95.9800033569336,7.482999801635742,46.56441853954615,79.80691245927301,244.41049716860488,427.3557739538671,65.049056,57.114183,76.827826,63.552536,58.936099,85.125,84.388,74.905,74.918,81.664
2008-01-01,922.7000122070312,16.947999954223633,91.75,8.074000358581543,51.46123882917073,91.40822835595007,233.63890738600958,461.1079464937526,65.350564,57.611231,77.233484,63.7602,59.558207,84.598,84.83,76.198,75.025,81.732
2008-02-01,972.0999755859375,19.808000564575195,101.83999633789062,9.366000175476074,54.21639573820064,106.83350506088784,259.332811690245,534.8943418343647,65.544834,57.894043,77.682489,63.879772,60.510357,84.73,84.709,76.433,75.046,82.007
2008-03-01,916.2000122070312,17.274999618530273,101.58000183105469,10.10099983215332,51.09871791450258,93.17188542864268,258.67074267113315,576.8703348133395,66.019891,58.305109,77.947878,63.94608,61.325374,85.482,84.932,76.977,75.055,83.384
2008-04-01,862.7999877929688,16.50200080871582,113.45999908447266,10.843000411987305,48.12046780775063,89.00275326453807,288.9228361647285,619.2461520624397,66.170127,58.907812,78.244428,64.024236,61.564454,86.402,85.204,77.688,75.101,83.9
2008-05-01,887.2999877929688,16.82699966430664,127.3499984741211,11.70300006866455,49.48689279380751,90.75561907097588,324.29334603927674,668.360922692131,66.098635,59.596526,78.569426,64.083807,61.589945,86.985,85.371,78.218,75.113,86.027
2008-07-01,913.9000244140625,17.75,124.08000183105469,9.119000434875488,50.97044196397449,95.73377730118352,315.9663875341873,520.7881320109068,66.742059,60.283058,79.017495,64.301066,62.140233,87.066,86.01,80.043,75.182,88.302
2008-08-01,829.2999877929688,13.607000350952148,115.45999908447266,7.942999839782715,46.25209078599937,73.3887065540946,294.0157823747777,453.62647788708585,67.127492,60.694458,79.197947,64.981182,63.135551,86.879,86.132,79.803,75.197,86.283
2008-09-01,874.2000122070312,12.230999946594238,100.63999938964844,7.438000202178955,48.7562750812622,65.96731408777691,256.27705173543467,424.7858368747206,67.584935,61.015888,79.369234,67.203764,63.976713,86.861,86.341,79.785,76.123,85.373
2008-10-01,716.7999877929688,9.729999542236328,67.80999755859375,6.7829999923706055,39.97769033981979,52.47828784884903,172.67633503474465,387.37863000276474,68.045486,61.170505,79.695072,67.209333,64.217967,87.16,86.239,79.878,78.157,83.221
2008-11-01,816.2000122070312,10.1850004196167,54.43000030517578,6.510000228881836,45.521473073454054,54.93231335121385,138.6045318836124,371.7875531208086,68.818942,61.667128,79.977,67.208793,64.574122,86.79,86.268,79.725,77.842,79.79
2008-12-01,883.5999755859375,11.270000457763672,44.599998474121094,5.622000217437744,49.2805340538727,60.78420923987514,113.57269659848879,321.0736760365438,69.295552,62.514737,80.071322,67.214762,64.735562,86.345,86.405,79.34,77.897,77.106
2009-01-01,927.2999877929688,12.5600004196167,41.68000030517578,4.416999816894531,51.71779073022692,67.74176242672432,106.1369997945484,252.25583660852507,69.456149,63.201455,80.287561,67.366503,65.878454,85.281,86.414,79.717,77.966,76.655
2009-04-01,890.7000122070312,12.305000305175781,51.119998931884766,3.372999906539917,49.67652048003521,66.36643148770104,130.17570240893224,192.63277078940854,70.25499,64.248651,81.110168,67.713677,66.364192,86.264,85.161,78.922,78.036,77.608
2009-05-01,978.7999877929688,15.600000381469727,66.30999755859375,3.8350000381469727,54.59007182336691,84.13785703763385,168.8566253772077,219.01770050256482,70.050358,64.612493,81.223406,67.780273,66.367048,86.234,84.705,78.876,78.033,78.215
2009-06-01,927.0999755859375,13.574000358581543,69.88999938964844,3.8350000381469727,51.70663555972881,73.2107226712468,177.97300375592738,219.01770050256482,70.179354,64.759035,81.336487,67.83017,66.379327,86.614,84.359,79.192,78.034,79.965
2009-07-01,953.7000122070312,13.932999610900879,69.44999694824219,3.6530001163482666,53.190184729895776,75.1469679936598,176.8525493727412,208.62364470921477,70.370516,64.86737,81.461133,67.903861,66.488084,85.874,84.18,79.438,78.058,79.87
2009-08-01,951.7000122070312,14.89799976348877,69.95999908447266,2.9769999980926514,53.0786398330748,80.35165023047429,178.1512560961572,170.0171284205355,70.538884,65.011004,81.565485,68.28484,67.179582,86.174,84.318,79.626,78.071,80.773
2009-09-01,1008.0,16.63599967956543,70.61000061035156,4.841000080108643,56.2186279977691,89.72546977499026,179.80646750003277,276.47058543197164,70.892716,65.285818,81.726667,69.979615,67.376771,85.971,84.278,79.533,78.581,79.581
2009-10-01,1039.699951171875,16.246000289916992,77.0,5.045000076293945,57.9866118891174,87.6220266923874,196.07842908689634,288.1210703400828,71.107191,65.662448,81.850375,69.980408,67.439972,86.584,84.15,79.673,79.841,79.592
2009-12-01,1095.199951171875,16.82200050354004,79.36000061035156,5.572000026702881,61.081982775899334,90.72865633612953,202.08810716899825,318.218154083347,71.771855,66.095439,82.192241,69.989852,67.559323,87.031,84.351,79.981,79.983,80.097
2010-01-01,1083.0,16.183000564575195,72.88999938964844,5.13100004196167,60.40156162855549,87.28224068247712,185.61242307100125,293.0325474030519,72.552046,66.929522,82.620922,70.224527,69.714649,86.158,84.305,80.636,80.022,81.453
2010-02-01,1118.300048828125,16.5,79.66000366210938,4.813000202178955,62.37033178070971,88.99196199828327,202.85205687172487,274.87150620967367,72.971671,67.207455,82.965734,70.410212,71.099687,86.001,83.655,80.705,80.032,81.405
2010-03-01,1113.300048828125,17.511999130249023,83.76000213623047,3.86899995803833,62.09146953865727,94.45013097655097,213.29259271671623,220.95944344853743,73.489725,67.31577,83.156831,70.456534,71.756226,86.639,83.674,81.026,80.028,82.785
2010-04-01,1180.0999755859375,18.611000061035156,86.1500015258789,3.9200000762939453,65.81706500758156,100.3775400110114,219.37866188348124,223.8720714836341,73.255565,67.428079,83.246828,70.497051,72.192352,87.562,83.575,81.613,80.043,84.018
2010-05-01,1212.199951171875,18.410999298095703,73.97000122070312,4.341000080108643,67.6073592399261,99.29884544766988,188.36261868715937,247.91547482910556,72.793978,67.60256,83.458566,70.557003,72.289946,87.756,83.553,81.845,80.044,84.404
2010-06-01,1245.5,18.67099952697754,75.62999725341797,4.616000175476074,69.46458449525934,100.70114426513636,192.58975393891532,263.620791107137,72.771183,67.457378,83.638344,70.629067,72.645644,87.913,83.73,81.768,80.043,84.189
2010-07-01,1181.699951171875,17.98699951171875,78.94999694824219,4.922999858856201,65.90629956340631,97.0120228490918,201.04404387047515,281.1536109350658,72.92919,67.447823,83.757402,70.705628,72.719015,87.519,83.895,82.815,80.056,84.811
2010-09-01,1307.800048828125,21.79800033569336,79.97000122070312,3.871999979019165,72.93921075449666,117.56647378864177,203.64145731730713,221.13077531037476,73.51511,67.571822,84.007416,73.237502,72.917525,87.801,84.345,82.841,80.534,84.986
2010-10-01,1357.0999755859375,24.559999465942383,81.43000030517578,4.038000106811523,75.68878837623745,132.46318419096983,207.35930571927733,230.61107932877616,73.968926,67.874141,84.112534,73.237515,72.952151,88.603,84.466,83.966,81.682,85.121
2010-11-01,1385.0,28.184999465942383,84.11000061035156,4.179999828338623,77.24484104852203,152.01444856938053,214.18385441786526,238.7207148363412,74.561581,68.237276,84.218965,73.237121,73.041783,89.084,84.642,84.279,81.782,85.87
2010-12-01,1421.0999755859375,30.90999984741211,91.37999725341797,4.40500020980835,79.2582250745085,166.71160798714183,232.69670534305317,251.57053639345136,74.930954,68.972857,84.3601,73.239906,73.227825,89.631,84.951,84.553,81.797,87.502
2011-01-01,1333.800048828125,28.173999786376953,92.19000244140625,4.420000076293945,74.38929441316927,151.95512232296358,234.75936176919575,252.42718208650018,75.295991,69.946038,84.550579,73.466489,74.038264,88.975,85.058,86.921,81.875,88.77
2011-02-01,1409.300048828125,33.80400085449219,96.97000122070312,4.0370001792907715,78.60011426816091,182.3202642080548,246.9315001027258,230.5539732468763,75.57846,70.418372,84.720845,73.568557,74.215022,89.088,84.909,87.194,81.897,89.505
2011-03-01,1438.9000244140625,37.87200164794922,106.72000122070312,4.388999938964844,80.25097737947922,204.26083220928595,271.7596128767159,250.65675738622716,75.723451,71.049464,84.90165,73.598129,74.103849,89.754,85.192,87.551,81.824,90.887
2011-04-01,1556.0,48.58399963378906,113.93000030517578,4.697999954223633,86.781929726715,262.0354817657433,290.11968163257774,268.3038166102312,75.717441,71.461156,85.071241,73.650721,74.083857,90.871,85.433,88.167,81.831,91.818
2011-06-01,1502.300048828125,34.8120002746582,95.41999816894531,4.374000072479248,83.78695197033603,187.75686094100666,242.98445901871847,249.80011169317834,75.155508,72.09071,85.400122,73.727471,74.470452,90.713,85.726,87.99,81.843,90.832
2011-07-01,1628.300048828125,40.09199905395508,95.69999694824219,4.144999980926514,90.81428047005716,216.23428219665328,243.69746837963766,236.72186580846875,75.516107,72.31718,85.493593,73.784561,74.665491,90.226,85.886,88.919,81.859,91.383
2011-08-01,1828.5,41.69900131225586,88.80999755859375,4.053999900817871,101.97992191857223,224.90157213009928,226.1522702402618,231.5248311037248,75.635555,72.333364,85.583705,74.771606,74.789513,90.338,86.073,88.752,81.863,91.206
2011-09-01,1620.4000244140625,30.041000366210938,79.19999694824219,3.6659998893737793,90.3736767659823,162.02470078668227,201.6806621467313,209.36606462232615,75.821113,72.520133,85.710656,76.268696,74.81724,90.559,86.259,88.83,82.37,91.742
2011-10-01,1724.199951171875,34.33700180053711,93.19000244140625,3.934000015258789,96.16285282609454,185.19497935565957,237.30583487422038,224.67161109478312,76.332712,72.937556,85.835511,76.307431,74.835619,91.273,86.321,89.221,84.021,91.581
2011-11-01,1745.5,32.73099899291992,100.36000061035156,3.549999952316284,97.35080870050196,176.53307991174412,255.56404237451545,202.7412825571216,77.158333,73.295346,85.958363,76.307061,74.88144,91.643,86.484,89.367,84.09,91.944
2011-12-01,1565.800048828125,27.875,98.83000183105469,2.989000082015991,87.32850244440185,150.34248125467553,251.66794163231546,170.7024558678848,77.792385,74.02057,86.077337,76.307124,74.979077,91.762,86.759,89.431,84.086,91.771
2012-02-01,1709.9000244140625,34.58300018310547,107.06999969482422,2.615999937057495,95.36531089872072,186.52175988373003,272.65087457786495,149.40033507953493,78.502314,75.556743,86.395566,76.819493,75.111469,90.847,87.077,90.053,84.178,94.227
2012-03-01,1669.300048828125,32.46900177001953,103.0199966430664,2.125999927520752,93.10095085488706,175.12001040241032,262.337650731296,121.41632614408067,78.547389,75.759042,86.549445,76.822575,74.558437,91.458,87.164,90.27,84.186,95.646
2012-05-01,1562.5999755859375,27.740999221801758,86.52999877929688,2.421999931335449,87.15002652459216,149.6197544570296,220.34631466929335,138.32095183883558,78.053819,76.3617,86.830105,77.009593,74.58663,92.606,87.223,92.523,84.184,94.89
2012-06-01,1603.5,27.579999923706055,84.95999908447266,2.8239998817443848,89.43112102621306,148.7514124317033,216.34835267152658,161.27925793138326,78.413667,76.724624,86.979279,77.134227,74.691368,92.433,87.574,92.346,84.188,93.458
2012-08-01,1684.5999755859375,31.3700008392334,96.47000122070312,2.7990000247955322,93.95426523067137,169.19260136794986,245.6582635502135,159.8515105709226,79.09054,77.257222,87.254492,77.935993,74.765632,92.736,87.808,94.052,84.191,96.796
2012-09-01,1771.0999755859375,34.516998291015625,92.19000244140625,3.319999933242798,98.77858201817833,186.16578183084067,234.75936176919575,189.60593059051217,79.439119,77.529191,87.411776,79.718022,74.894268,93.649,88.239,95.269,84.933,98.326
2012-10-01,1717.5,32.28799819946289,86.23999786376953,3.691999912261963,95.78918014500837,174.14377628892365,219.60783513747043,210.85093168082437,79.841036,77.811386,87.550451,79.718022,75.018878,94.445,88.511,94.676,92.774,97.541
2012-11-01,1710.9000244140625,33.20399856567383,88.91000366210938,3.561000108718872,95.4210833471312,179.08418051803017,226.40693309320267,203.369503922571,80.383437,78.181643,87.699802,79.718022,75.263222,94.328,88.95,94.541,92.813,94.766
2012-12-01,1674.800048828125,30.17300033569336,91.81999969482422,3.3510000705718994,93.40769932114473,162.73663631807344,233.81715972623937,191.37635529078523,80.568243,78.5445,87.845321,79.726112,75.317949,94.394,89.386,94.479,92.936,94.612
2013-01-01,1660.5999755859375,31.334999084472656,97.48999786376953,3.3389999866485596,92.61572646881972,169.0038210752504,248.2556575689975,190.69102784343593,80.892782,78.884485,88.017355,80.123351,75.935339,93.188,89.728,93.848,92.959,95.51
2013-02-01,1577.699951171875,28.395000457763672,92.05000305175781,3.4860000610351562,87.99218913395845,153.14707888960854,234.40285708873617,199.08623460891354,81.290943,79.02756,88.198183,80.31778,76.781054,93.349,89.494,94.04,92.955,96.841
2013-03-01,1594.800048828125,28.29199981689453,97.2300033569336,4.02400016784668,88.94590344830591,152.59154985215244,247.59358854988562,229.81153971762717,81.887433,79.228208,88.363796,80.325739,77.072364,93.678,89.389,94.17,92.917,96.298
2013-04-01,1472.199951171875,24.143999099731445,93.45999908447266,4.3429999351501465,82.10819582665226,130.21950608302342,237.99337406423592,248.02968699290523,81.941523,79.455271,88.509543,80.346489,79.157015,94.028,89.657,92.721,92.928,95.571
2013-05-01,1392.5999755859375,22.22800064086914,91.97000122070312,3.9839999675750732,77.66871029480967,119.88565989879048,234.19913457760265,227.52711943184215,81.66882,79.708161,88.684565,80.395125,79.444894,94.201,90.206,92.648,92.932,94.774
2013-06-01,1223.800048828125,19.451000213623047,96.55999755859375,3.565000057220459,68.2543250880159,104.90804071753588,245.88743680420268,203.59794186630816,81.619238,79.750676,88.900995,80.481333,80.031008,94.34,90.771,92.716,92.926,95.028
2013-07-01,1312.4000244140625,19.617000579833984,105.02999877929688,3.446000099182129,73.19576265555284,105.80335576490224,267.45606711224895,196.8018279392663,81.592193,79.795598,89.052614,80.600712,80.3169,93.853,91.276,93.05,92.915,96.152
2013-08-01,1396.0999755859375,23.46299934387207,107.6500015258789,3.5810000896453857,77.86391386424637,126.54656642276416,274.1278336415108,204.51170725739462,81.824328,79.92709,89.22466,81.483795,80.646192,94.145,91.686,93.811,92.92,96.442
2013-10-01,1323.5999755859375,21.832000732421875,96.37999725341797,3.5810000896453857,73.8204113544862,117.74985330461698,245.42907086817632,204.51170725739462,82.522988,80.363205,89.470265,83.237992,80.894801,94.351,89.92,94.483,94.655,95.528
2013-11-01,1250.5999755859375,19.981000900268555,92.72000122070312,3.9539999961853027,69.74902262052078,107.76657410935533,236.10898940637114,225.81381442960674,83.292265,80.386555,89.62628,83.247153,81.021577,94.547,90.042,94.408,94.67,95.075
2014-01-01,1240.0999755859375,19.104999542236328,97.48999786376953,4.942999839782715,69.16341191221068,103.0419026206009,248.2556575689975,282.29581426988943,84.519052,82.540963,89.966143,83.5852,84.302132,93.373,90.793,94.92,94.704,95.09
2014-02-01,1321.4000244140625,21.20400047302246,102.58999633789062,4.609000205993652,73.69771469124721,114.36276389738154,261.2426665190135,263.22102130156253,84.733157,82.768234,90.181351,83.835187,84.564181,93.333,90.466,95.076,94.716,95.062
2014-03-01,1283.4000244140625,19.733999252319336,101.58000183105469,4.370999813079834,71.57836165164878,106.43438251736683,258.67074267113315,249.6287662152032,84.965292,82.860757,90.346441,83.854243,84.436026,93.541,89.865,95.122,94.719,95.056
2014-04-01,1295.5999755859375,19.118999481201172,99.73999786376953,4.815000057220459,72.25878279899261,103.11741062280318,253.9852220553029,274.9857183734734,84.806779,83.110027,90.491498,83.875132,84.587705,94.373,89.773,95.087,94.735,95.466
2014-05-01,1245.5999755859375,18.652999877929688,102.70999908447266,4.541999816894531,69.47016037846835,100.60406401761826,261.5482502857137,259.3946142592416,84.535579,83.502319,90.646956,83.950736,84.922406,94.395,89.472,95.143,94.732,95.563
2014-07-01,1281.300048828125,20.37299919128418,98.16999816894531,3.8410000801086426,71.4612408716188,109.88079817101925,249.98726005753616,219.36036422623948,84.914959,83.947042,90.931851,84.132993,85.069667,93.533,89.455,94.148,94.734,96.283
2014-08-01,1285.800048828125,19.398000717163086,95.95999908447266,4.065000057220459,71.71221688946598,104.62219046451207,244.3595568267975,232.15305246917427,85.219965,84.251553,91.075712,84.899513,85.205244,93.681,89.678,94.665,94.737,96.009
2014-09-01,1210.5,17.006000518798828,91.16000366210938,4.120999813079834,67.51254880089236,91.72105163101399,232.13649757950807,235.35121091377013,85.59634,84.42501,91.246462,86.822073,85.277619,93.824,89.767,96.016,95.08,95.741
2014-10-01,1171.0999755859375,16.07699966430664,80.54000091552734,3.872999906539917,65.3151129718872,86.71052988923573,205.09294621004926,221.18788139227462,86.069626,84.650553,91.385075,86.823183,85.326278,94.261,90.247,95.705,95.822,94.502
2014-11-01,1175.199951171875,15.48900032043457,66.1500015258789,4.0879998207092285,65.54377864873815,83.5391835095461,168.4491997829887,233.4665740496974,86.763778,84.728666,91.534754,86.823198,85.444365,94.195,90.202,94.441,95.892,93.444
2014-12-01,1183.9000244140625,15.5649995803833,53.27000045776367,2.8889999389648438,66.02900303480548,83.94908188853127,135.65062347034478,164.99142557762892,87.188984,84.925968,91.697927,86.823213,85.537638,93.646,90.155,94.267,95.877,90.241
2015-01-01,1278.5,17.191999435424805,48.2400016784668,2.690999984741211,71.30507529280536,92.7242279049595,122.84186686055858,153.6836043931924,87.110103,85.320146,91.880965,87.185851,86.119697,92.141,90.399,94.525,95.905,87.798
2015-04-01,1182.4000244140625,16.124000549316406,59.630001068115234,2.750999927520752,65.94534436218976,86.96402691788269,151.84619397254525,157.11021439766327,87.40384,85.508597,92.406669,87.568234,86.687969,93.774,90.135,93.317,95.925,92.216
2015-05-01,1189.4000244140625,16.68400001525879,60.29999923706055,2.6419999599456787,66.33575150106317,89.98435729316773,153.55232629018022,150.88520213803318,86.967366,85.547324,92.538313,87.613161,86.735713,94.222,90.601,92.895,95.922,93.477
2015-06-01,1171.5,15.550999641418457,59.470001220703125,2.8320000171661377,65.33742331288343,83.87357388632898,151.43875866430227,161.73614743499536,87.113108,85.751339,92.692284,87.68123,86.819117,94.474,91.061,93.782,95.916,93.455
2015-07-01,1094.9000244140625,14.746000289916992,47.119998931884766,2.7160000801086426,61.06525512627231,79.5318483289071,119.98980998883373,155.11136536979083,87.24082,85.849581,92.826153,87.800336,86.835835,93.597,90.7,94.075,95.911,92.954
2015-08-01,1131.5999755859375,14.57699966430664,49.20000076293945,2.688999891281128,63.11210125967304,78.62035152575542,125.28647871001648,153.5693786132549,87.424875,86.01366,92.964747,88.702314,87.241306,93.286,91.343,92.855,95.911,90.829
2015-09-01,1115.5,14.512999534606934,45.09000015258789,2.5239999294281006,62.21416620189626,78.27516988271776,114.8204726941214,144.14619429289115,87.752419,86.324182,93.101547,90.532709,87.584053,92.999,91.408,91.755,96.171,89.618
2015-10-01,1141.5,15.565999984741211,46.59000015258789,2.321000099182129,63.66424986056888,83.95447752165866,118.64018235165837,132.55282908281765,88.203919,86.667244,93.205078,90.541877,87.803965,93.595,91.934,91.41,96.36,89.096
2015-12-01,1060.300048828125,13.774999618530273,37.040000915527344,2.3369998931884766,59.13552977290156,74.29480258052197,94.32136614147795,133.4665808577663,89.046818,87.204879,93.54365,90.545244,87.941122,93.663,91.788,92.063,96.389,87.719
2016-01-01,1116.4000244140625,14.229000091552734,33.619998931884766,2.2980000972747803,62.26436276709774,76.74343244975941,85.61242307100126,131.2392938861567,89.386381,87.528111,93.774344,90.954878,88.937786,91.876,92.293,88.877,96.406,86.161
2016-02-01,1233.9000244140625,14.895999908447266,33.75,1.7109999656677246,68.81762545532976,80.34086410781637,85.94346729458118,97.71558652228386,89.777781,87.769607,93.997313,91.151335,89.280115,91.552,91.79,87.45,96.392,85.547
2016-03-01,1234.199951171875,15.460000038146973,38.34000015258789,1.9589999914169312,68.83435310495678,83.38277187201413,97.63177923520517,111.87892285184833,89.910001,88.061216,94.219966,91.161234,89.337814,92.139,91.751,87.385,96.387,86.843
2016-04-01,1289.199951171875,17.788999557495117,45.91999816894531,2.177999973297119,71.90183776753346,95.94411955200506,116.93404031999938,124.38606026107719,89.625278,88.391466,94.408216,91.176761,88.26167,92.785,91.906,86.647,96.396,87.544
2016-06-01,1318.4000244140625,18.582000732421875,48.33000183105469,2.9240000247955322,73.53039734601575,100.22113351707634,123.07104982857176,166.99028822163913,89.324028,89.100356,94.780469,91.312349,87.860413,93.723,92.41,88.627,96.411,89.737
2016-07-01,1349.0,20.312000274658203,41.599998474121094,2.875999927520752,75.23703290574456,109.55180342736377,105.93327728341491,164.24899204837976,89.556914,89.169532,94.974595,91.466178,89.617481,93.041,92.999,88.761,96.415,89.156
2016-08-01,1306.9000244140625,18.621999740600586,44.70000076293945,2.88700008392334,72.88901418929518,100.43686625742838,113.82734973740565,164.87721341382922,89.809333,89.234415,95.116462,92.307464,89.680637,93.161,92.961,88.736,96.417,89.11
2016-09-01,1313.300048828125,19.138999938964844,48.2400016784668,2.9059998989105225,73.24595922075432,103.22528213657607,122.84186686055858,165.9622970506152,90.357744,89.827535,95.258701,94.398483,89.7736,93.165,92.136,89.15,96.693,89.6
2016-10-01,1271.5,17.761999130249023,46.86000061035156,3.0260000228881836,70.91466815393196,95.79849403713101,119.32773125569788,172.8155306756947,90.906154,90.281018,95.430838,94.401127,89.930255,94.23,92.22,91.018,97.195,90.631
2016-11-01,1170.800048828125,16.4060001373291,49.439998626708984,3.3519999980926514,65.29838532226017,88.48497822818312,125.89762681536894,191.43346137268506,91.616834,90.557127,95.598502,94.401127,90.029567,94.572,92.107,91.625,97.285,90.31
2016-12-01,1150.0,15.935999870300293,53.720001220703125,3.7239999771118164,64.138315672058,85.9500542340855,136.79653831041068,212.6784624629973,92.039035,91.045768,95.802299,94.401127,90.231621,95.132,92.525,92.824,97.3,91.812
2017-02-01,1252.5999755859375,18.420000076293945,54.0099983215332,2.7739999294281006,69.86056751734175,99.34739071502581,137.53500812820957,158.4237495943242,94.14478,93.064929,96.39179,95.165704,92.798585,94.269,93.337,92.601,97.331,92.822
2017-03-01,1247.300048828125,18.235000610351562,50.599998474121094,3.190000057220459,69.5649776256623,98.34960493061082,128.85153522863655,182.18160891415863,94.722489,93.777576,96.631107,95.177153,93.174278,94.249,93.015,91.184,97.351,92.481
2017-04-01,1266.0999755859375,17.19099998474121,49.33000183105469,3.2760000228881836,70.6134955708833,92.71883741542898,125.61752293359638,187.09308597712774,94.838933,94.37888,96.814318,95.186149,93.814664,95.154,92.936,91.292,97.349,92.937
2017-05-01,1272.0,17.368000030517578,48.31999969482422,3.071000099182129,70.9425543781372,93.6734787092123,123.04557965766809,175.38549498711674,94.725494,94.808511,97.014382,95.237285,95.552256,95.097,93.21,91.525,97.353,91.896
2017-06-01,1240.699951171875,16.56800079345703,46.040000915527344,3.0350000858306885,69.19687401962493,89.35872103023364,117.2396240866996,173.32952626120667,94.96364,95.251697,97.219206,95.300788,95.636643,95.138,93.169,91.782,97.359,91.351
2017-07-01,1266.5999755859375,16.75,50.16999816894531,2.7939999103546143,70.64138179508855,90.34032505886333,127.75655101635404,159.5659529291478,95.322736,95.634984,97.407791,95.417432,95.881699,94.482,93.134,91.569,97.356,91.305
2017-08-01,1316.199951171875,17.479999542236328,47.22999954223633,3.0399999618530273,73.40769387461657,94.27754272683056,120.26992358463026,173.6150702868437,95.793768,95.991444,97.610687,96.579246,96.306126,94.67,93.007,91.685,97.367,92.044
2017-09-01,1281.5,16.60700035095215,51.66999816894531,3.006999969482422,71.47239263803681,89.56906328105518,131.576260673891,171.73043342277094,96.093515,96.157515,97.773097,98.867315,95.231022,94.835,93.254,91.762,97.5,92.612
2017-11-01,1273.199951171875,16.381999969482422,57.400001525878906,3.0250000953674316,71.0094785929657,88.3555344690944,146.16756011402322,172.75842459379487,97.695174,96.751388,98.164608,98.872823,97.368463,96.147,94.151,93.882,98.015,93.446
2017-12-01,1306.300048828125,17.059999465942383,60.41999816894531,2.953000068664551,72.85555208188093,92.01229237356833,153.85790034285648,168.64648714197472,98.272883,97.25401,98.342003,98.872823,97.772512,96.19,94.095,94.026,98.029,93.593
2018-01-01,1339.0,17.20400047302246,64.7300033569336,2.994999885559082,74.67930842163972,92.78895492810074,164.83321263658524,171.04510597542165,98.794999699501,98.129261875585,98.600069017153,99.312085723774,98.779739045245,95.153,94.379,93.52,98.032,94.355
2018-02-01,1315.5,16.323999404907227,61.63999938964844,2.6670000553131104,73.36865588399331,88.04271119403046,156.96460063947418,152.3129631146316,99.17137448164,98.616312621932,98.852632736148,99.758607618611,99.370066144848,95.281,94.223,93.881,98.038,93.811
2018-03-01,1322.800048828125,16.222999572753906,64.94000244140625,2.7330000400543213,73.77579748065394,87.49797342282918,165.36796965727467,156.08223684277712,99.492156980588,98.793505898234,99.082465836237,99.780475826782,99.55912487334,95.393,94.305,92.071,98.043,93.743
2018-05-01,1300.0999755859375,16.402000427246094,67.04000091552734,2.9519999027252197,72.50975881683979,88.4634059828673,170.71555929221677,168.58936744393708,98.994080173087,99.294080386309,99.503242511042,99.829497610273,99.881101994951,97.048,95.069,93.635,98.051,96.553
2018-06-01,1251.300048828125,16.104000091552734,74.1500015258789,2.9240000247955322,69.78806741930424,86.85615540410978,188.82098462318572,166.99028822163913,99.376464931787,99.530589667891,99.744077292399,99.884181553376,99.924558868953,97.302,95.499,94.134,98.051,96.902
2018-08-01,1200.300048828125,14.437999725341797,69.80000305175781,2.9159998893737793,66.9436725503695,77.87066199326313,177.7438305019382,166.533398718027,100.492,100.3623644011,100.1118877862,101.4279049074,100.255171397,96.742,94.87,95.587,98.097,96.861
2018-09-01,1191.5,14.623000144958496,73.25,3.007999897003174,66.45287228109315,78.868452921275,186.52915494305395,171.78753950467078,100.917,100.771150583,100.3369328529,103.504281572,100.3947934395,96.978,94.864,96.621,98.442,97.256
2018-10-01,1212.300048828125,14.229000091552734,65.30999755859375,3.260999917984009,67.61294193129531,76.74343244975941,166.31015227218307,186.23642666794115,101.44,101.0277147598,100.4991826719,103.5100336772,100.5664384244,97.875,96.024,96.717,98.658,97.884
2018-11-01,1220.199951171875,14.093999862670898,50.93000030517578,4.611999988555908,68.05353882720998,76.01531516258294,129.69187601602619,263.39233954726205,102.303,101.3868141062,100.7204327813,103.5100336772,100.6690272974,97.768,95.513,96.486,98.988,96.533
2018-12-01,1278.300048828125,15.432999610900879,45.40999984741211,2.940000057220459,71.29392352638733,83.23714635714009,115.63534331060737,167.9040536127256,103.02,101.8542021671,100.9160828925,103.5100336772,100.8544874228,97.329,95.359,96.354,99.005,93.823
2019-01-01,1319.699951171875,16.02199935913086,53.790000915527344,2.813999891281128,73.60289744405326,86.41388836995712,136.97479065064047,160.70815626397143,103.108,102.3446484094,101.1574020292,103.9604545121,102.191334886,96.085,95.274,95.808,99.038,94.141
2019-02-01,1312.800048828125,15.538000106811523,57.220001220703125,2.812000036239624,73.21807299654908,83.80346151725409,145.70919417799686,160.59394410017174,103.079,102.8983507199,101.4385066084,104.5892096156,102.7764266094,96.32,95.534,94.765,99.03,95.51
2019-03-01,1293.0,15.0600004196167,60.13999938964844,2.6619999408721924,72.11377579475739,81.22539303252482,153.14489098193727,152.0274054728568,103.476,103.2937059164,101.7402090413,104.6068614441,102.9975804369,96.669,95.19,94.008,99.023,96.571
2019-04-01,1282.800048828125,14.899999618530273,63.90999984741211,2.575000047683716,71.54489954423453,80.36243635313221,162.74509575356296,147.05882232798783,103.531,103.7054242346,102.0542357757,104.6198376343,103.2866071044,97.644,95.171,93.84,99.026,97.82
2019-05-01,1305.800048828125,14.529999732971191,53.5,2.4539999961853027,72.82766585767568,78.36685964070536,136.23631111881758,140.1484826210085,103.233,104.1405559676,102.3234998894,104.6799553771,103.5131770045,97.834,95.586,93.329,99.034,98.267
2019-06-01,1409.699951171875,15.253000259399414,58.470001220703125,2.308000087738037,78.62241780099694,82.26632845116833,148.89228555927764,131.8103955535685,103.299,104.5136755278,102.5812081067,104.7368659776,103.656780159,97.719,95.96,92.752,99.047,96.911
2019-07-01,1426.0999755859375,16.34600067138672,58.58000183105469,2.2330000400543213,79.53708731656093,88.16137397405817,149.17239915507417,127.52712623991104,103.687,104.816924837,102.8080932558,104.8947495309,104.0427578117,97.113,95.705,93.358,99.05,97.19
2019-08-01,1519.0999755859375,18.184999465942383,55.099998474121094,2.2850000858306885,84.72392501873605,98.07992614617855,140.3106642012474,130.49686035690758,103.67,105.0073897636,103.0303733689,106.1535355289,104.5624619986,97.059,95.801,92.469,99.052,97.098
2019-10-01,1511.4000244140625,18.013999938964844,54.18000030517578,2.632999897003174,84.2944798892394,97.15764836396585,137.96791360735622,150.37120655252124,104.503,105.7475867654,103.4449186196,108.4020905806,105.3691610725,98.001,97.141,92.973,99.805,97.071
2019-11-01,1465.5999755859375,16.9689998626709,55.16999816894531,2.2809998989105225,81.74009902877509,91.5214903592535,140.48891654147718,130.2684087970326,105.346,106.0072027938,103.6189151945,108.4020905806,105.7933461084,98.167,97.108,92.563,99.85,96.952
2020-01-01,1582.9000244140625,17.972000122070312,51.560001373291016,1.840999960899353,88.28220995058909,96.93112435735901,131.29615679211844,105.1399150067063,106.447,107.5603410785,104.1236033362,108.8393532119,107.374169032,97.139,97.208,92.416,99.883,97.926
2020-02-01,1564.0999755859375,16.386999130249023,44.7599983215332,1.684000015258789,87.23368519720789,88.38249720394073,113.98013190673177,96.17361338188576,106.889,108.0329671523,104.4251195875,109.3479042017,107.7662827169,97.024,97.436,91.276,99.873,97.272
2020-04-01,1684.199951171875,14.89799976348877,18.84000015258789,1.9490000009536743,93.93195488967513,80.35165023047429,47.975553687224945,111.30782118443652,105.755,109.704282411,104.972628579,109.398227152,108.259523326,96.944,98.955,87.674,99.883,91.173
2020-05-01,1736.9000244140625,18.440000534057617,35.4900016784668,1.8489999771118164,96.87116700580381,99.45526222879872,90.37433477149457,105.59679770224952,106.162,110.9891436543,105.0577361715,109.398227152,108.3248664277,96.938,98.943,87.722,99.873,90.44
2020-06-01,1793.0,18.541000366210938,39.27000045776367,1.7510000467300415,100.0,100.0,100.0,100.0,106.743,111.3986328134,105.1320660844,109.4000795554,107.983985438,97.385,98.636,89.206,99.867,91.86
2020-07-01,1962.800048828125,24.18899917602539,40.27000045776367,1.7990000247955322,109.47016446336448,130.46221184541557,102.54647310502463,102.74128936519047,107.444,112.0397199576,105.2516761327,109.4190050475,108.2163087507,96.511,97.815,89.69,99.855,92.824
2020-08-01,1967.5999755859375,28.437000274658203,42.61000061035156,2.630000114440918,109.73786813083868,153.37360289621537,108.50522055934321,150.1998883068217,107.867,112.3972774788,105.3805687125,109.4595298526,109.0107565263,96.555,97.905,89.936,99.864,92.825
2020-09-01,1887.5,23.433000564575195,40.220001220703125,2.5269999504089355,105.27049637479084,126.38476943929857,102.4191513925782,144.31752615472848,108.114,112.7818464327,105.5080435175,110.7414781462,109.4472565147,96.7,97.983,90.674,100.335,92.374
2020-10-01,1877.4000244140625,23.617000579833984,35.790000915527344,3.3540000915527344,104.707196007477,127.37716473418304,91.13827476019718,191.54768715262253,108.774,113.0717600905,105.6360060087,110.6919932517,109.4600278153,97.208,99.329,89.625,99.569,92.101
2020-12-01,1893.0999755859375,26.332000732421875,48.52000045776367,2.5390000343322754,105.58282072425753,142.02038839505786,123.5548762214778,145.00285360207778,109.271,113.6206698139,105.9393063914,110.6919932517,109.4466184189,97.574,98.049,91.448,99.632,93.328
2021-01-01,1847.300048828125,26.899999618530273,52.20000076293945,2.563999891281128,103.02844667195343,145.08386326097457,132.92589802509036,146.4306009625384,110.21,114.4009685353,106.1443576654,110.5704692582,110.1007337671,97.583,98.891,95.346,99.638,94.764
2021-02-01,1728.0999755859375,26.402000427246094,61.5,2.7709999084472656,96.38036673652746,142.3979284060693,156.6080959590146,158.2524177324869,110.907,114.885542337,106.356584936,110.613089387,110.3340159168,97.008,98.953,90.314,99.645,96.076
2021-03-01,1713.800048828125,24.517000198364258,59.15999984741211,2.6080000400543213,95.58282480915365,132.23126969483246,150.649348504696,148.9434591920606,111.824,115.5515224252,106.5988421793,110.6214872956,110.4594543058,97.949,98.986,93.309,99.643,97.828
2021-04-01,1767.300048828125,25.85300064086914,63.58000183105469,2.930999994277954,98.56665079911461,139.4369242772012,161.90476468019733,167.39005802721363,112.19,116.149760254,106.7905976677,110.6219474634,110.6522280945,99.105,99.281,96.478,99.667,97.889
2021-05-01,1902.5,27.993000030517578,66.31999969482422,2.9860000610351562,106.10708310094815,150.97890878386443,168.88209554811138,170.53112400604746,112.419,117.0871430225,107.0145525315,110.6237106389,110.7668493085,99.572,99.706,96.832,99.679,98.943
2021-06-01,1770.800048828125,26.165000915527344,73.47000122070312,3.6500000953674316,98.76185436855131,141.11968285816099,187.08938213464705,208.45231284737747,113.018,117.9777630097,107.2137428532,110.6560470695,110.9224837207,100.046,99.699,98.903,99.691,100.015
2021-07-01,1812.5999755859375,25.527999877929688,73.94999694824219,3.9140000343322754,101.09313862721348,137.68404818356964,188.311678345352,223.5294077599595,113.682,118.9162913695,107.4483587287,110.7636681125,110.9986056808,99.292,99.493,98.144,99.701,100.681
2021-09-01,1755.300048828125,22.020999908447266,75.02999877929688,5.867000102996826,97.89738141818879,118.76921133434779,191.06187396151014,335.06567369620205,114.601,120.5256616485,107.8919591872,113.0006274583,111.4860520001,100.575,99.704,103.846,100.298,101.446
2021-10-01,1783.0,23.94499969482422,83.56999969482422,5.426000118255615,99.44227551589515,129.14621229640616,212.80875660978623,309.880067015907,115.561,121.1677404947,108.1343380894,113.0021398486,111.5185075671,102.425,101.013,107.963,100.713,103.442
2021-11-01,1773.5999755859375,22.764999389648438,66.18000030517578,4.566999912261963,98.91801313920455,122.78193700451732,168.52559086765177,260.82237523584,116.884,121.799433192,108.3906928849,113.0021398486,111.6087720413,102.738,101.609,105.82,100.8,104.452
2021-12-01,1827.5,23.327999114990234,75.20999908447266,3.7300000190734863,101.92414947016175,125.81844913558768,191.52023989753647,213.02112618667195,117.308,122.8329254908,108.6276092229,113.0021398486,111.9682154316,103.965,102.903,112.736,100.82,103.494
2022-01-01,1795.0,22.395000457763672,88.1500015258789,4.874000072479248,100.11154489682097,120.78636543568734,224.4716080935305,278.35522229604436,118.002,124.4224362746,108.9160347513,113.5939347206,113.1134189709,103.567,103.593,112.574,100.828,105.464
2022-02-01,1899.4000244140625,24.361000061035156,95.72000122070312,4.4019999504089355,105.93418987250767,131.38989040435257,243.74840872144503,251.39919091547625,118.981,125.686362046,109.2471894461,114.1410960062,113.9408382855,104.403,104.47,113.252,100.836,108.36
2022-03-01,1949.199951171875,25.121000289916992,100.27999877929688,5.642000198364258,108.7116537184537,135.48891534297917,255.36031986338196,322.2158793713674,120.159,127.19654666,109.4966716603,114.1417707745,114.3050481352,107.566,105.729,124.213,100.819,116.015
2022-04-01,1909.300048828125,23.040000915527344,104.69000244140625,7.24399995803833,106.48633847340352,124.26514460091039,266.5902755820036,413.70644001788344,120.809,128.7907215499,109.7330014911,114.1417707745,114.4162365715,107.375,109.328,114.653,100.817,110.466
2022-06-01,1804.0999755859375,20.281999588012695,105.76000213623047,5.423999786376953,100.61907281572435,109.38999615670441,269.315001027258,309.7658276198317,122.044,131.9450675246,110.4009654421,114.3089782606,115.4957834717,110.267,112.609,117.695,100.844,119.21
2022-07-01,1762.9000244140625,20.1560001373291,98.62000274658203,8.229000091552734,98.32125066447644,108.71042413688387,251.13318461162604,469.9600155305667,122.948,133.2923962021,110.6966400669,114.387832432,116.4962486643,109.986,112.95,120.761,100.858,116.952
2022-08-01,1712.800048828125,17.761999130249023,89.55000305175781,9.126999855041504,95.52705236074317,95.79849403713101,228.0366743261746,521.2449806661056,123.803,135.2002010711,111.0184283955,115.6660244192,116.9486165001,110.265,113.481,125.137,100.869,112.614
2022-09-01,1662.4000244140625,18.959999084472656,79.48999786376953,6.765999794006348,92.71611959922267,102.25984957653796,202.4191416785542,386.40774491364067,124.571,136.6564301165,111.2884858048,118.0716102448,117.3185269265,109.498,114.017,118.604,101.549,110.984
2022-10-01,1635.9000244140625,19.125,86.52999877929688,6.355000019073486,91.23814971634482,103.14977413437379,220.34631466929335,362.9354568517188,125.276,138.0701464386,111.5316905292,118.0716102448,117.5618790281,109.866,116.61,110.79,102.218,112.593
2022-11-01,1746.0,21.549999237060547,80.55000305175781,6.929999828338623,97.3786949247072,116.22889170712276,205.1184163809529,395.77382315210457,125.997,138.9629977,111.7595037411,118.0716102448,117.8707346143,109.734,117.185,106.893,102.32,112.539
2022-12-01,1819.699951171875,23.86199951171875,80.26000213623047,4.474999904632568,101.48912164929587,128.69855477272296,204.37993684913005,255.56823444919624,126.478,140.1974347113,112.0717248705,118.0716102449,118.1095798562,109.899,119.044,107.68,102.193,106.957
2023-02-01,1828.9000244140625,20.961000442504883,77.05000305175781,2.746999979019165,102.00223225956846,113.05215483790263,196.20576051336673,156.88177645392608,128.046,142.9098728788,112.9949531462,119.6512064497,120.7010971055,110.703,121.849,106.287,102.426,110.398
2023-03-01,1969.0,24.076000213623047,75.66999816894531,2.2160000801086426,109.81595092024541,129.8527573382668,192.69161519448204,126.55625476692474,128.389,143.6630004869,113.3693181205,119.707770117,121.5622281897,111.111,123.144,104.138,102.458,110.399
2023-04-01,1990.0999755859375,24.999000549316406,76.77999877929688,2.4100000858306885,110.99274822007459,134.83091556847444,195.51820189530324,137.6356380076241,128.363,144.4299284644,113.755956949,119.707770117,122.1749343099,111.773,123.474,102.225,102.461,111.156
2023-05-01,1963.9000244140625,23.474000930786133,68.08999633789062,2.2660000324249268,109.53151279498397,126.60590295637488,173.38934439566384,129.4117631039838,128.084,145.1837810584,114.099707724,119.7837891563,122.5583904265,111.719,123.935,101.886,102.466,109.471
2023-06-01,1921.0999755859375,22.809999465942383,70.63999938964844,2.7980000972747803,107.14444927975111,123.02464276690948,179.88285858469584,159.79440448902278,128.214,145.7902173177,114.44305933,119.8491841895,122.7300233585,112.354,124.245,102.744,102.473,110.153
2023-07-01,1970.5,24.854000091552734,81.80000305175781,2.634000062942505,109.89960959286114,134.0488625244115,208.3015077622337,150.42832625055885,128.832,146.3431792451,114.7483267138,120.0141587881,122.9177105986,112.544,125.193,102.815,102.482,110.807
2023-08-01,1938.199951171875,24.472000122070312,83.62999725341797,2.7679998874664307,108.09815678593837,131.9885639324403,212.9615387791123,158.08108587064956,129.545,146.6050133568,115.0031645696,122.0162835807,123.0751365202,113.149,125.42,102.618,102.494,113.997
2023-09-01,1848.0999755859375,22.236000061035156,90.79000091552734,2.928999900817871,103.0730605457857,119.92880438942213,231.19429553655172,167.27583224727613,130.12,147.0043585924,115.270425812,125.8548072039,123.343282161,113.348,126.029,103.028,103.831,115.17
2023-11-01,2038.0999755859375,25.292999267578125,75.95999908447266,2.802000045776367,113.66982574377789,136.41658361472238,193.43009472630496,160.02284243275992,131.445,148.3824344489,115.943803272,125.864071815,123.5744579452,113.28,127.761,100.846,105.178,112.508
2023-12-01,2062.39990234375,23.85300064086914,71.6500015258789,2.5139999389648438,115.02509215525656,128.65001979256078,182.45480186062414,143.57509262547933,132.373,148.9601848764,116.1557981475,125.864071815,123.8059186012,113.308,127.728,101.376,105.224,111.137
2024-01-01,2048.39990234375,23.051000595092773,75.8499984741211,2.0999999046325684,114.24427787750977,124.32447084732733,193.14998113050842,119.9314590855824,133.555,149.8094389953,116.7025108806,126.5475534605,124.6835645534,113.404,128.395,104.745,105.259,111.269
2024-02-01,2045.699951171875,22.666000366210938,78.26000213623047,1.8600000143051147,114.09369499006554,122.24799049957082,199.28699063908078,106.22501225963006,133.681,150.4127733729,117.2109092387,127.2998525606,125.3777551017,113.807,128.357,103.426,105.304,113.057
2024-03-01,2217.39990234375,24.797000885009766,83.16999816894531,1.7630000114440918,123.66982165888176,133.74144002607187,211.79016348216675,100.68532063928039,134.065,150.8610046578,117.6585995234,127.3195888042,125.6701530661,114.674,128.439,105.747,105.38,113.628
2024-04-01,2291.39990234375,26.391000747680664,81.93000030517578,1.9910000562667847,127.79698284125767,142.3386021596523,208.63254227178967,113.70645363402123,134.336,151.3415581399,117.9952547181,127.3195888042,125.9319568553,115.472,129.317,106.295,105.389,114.355
2024-05-01,2322.89990234375,30.297000885009766,76.98999786376953,2.5869998931884766,129.55381496618796,163.40542735883295,196.05295891599263,147.74413615919934,134.087,151.7094757937,118.4514128881,127.3833176099,126.0930145695,115.776,129.369,107.178,105.391,113.628
2024-06-01,2327.699951171875,29.23699951171875,81.54000091552734,2.6010000705718994,129.82152544182236,157.68836057519405,207.6394193150739,148.5436893864861,134.594,151.9380434355,118.8710302687,127.4598361365,126.5208890408,116.212,129.474,108.012,105.387,113.155
2024-07-01,2426.5,28.777999877929688,77.91000366210938,2.0360000133514404,135.33184606804238,155.21276797111028,198.39572893793175,116.27641113737437,136.003,152.2456863125,119.294139735,127.651170709,127.121378465,115.66,129.058,106.054,105.384,113.44
2024-08-01,2493.800048828125,28.731000900268555,73.55000305175781,2.127000093460083,139.08533456933213,154.95928122965708,187.29310464578055,121.4734458421183,136.013,152.6634160747,119.6031209289,129.4518062763,127.6507337597,115.707,128.595,106.758,105.405,112.565
2024-10-01,2738.300048828125,32.65299987792969,69.26000213623047,2.7070000171661377,152.72169820569576,176.11239541010104,176.36873269385913,154.59736978427884,136.828,153.2954920904,120.2290152384,133.1533420631,128.159614082,115.726,130.058,106.616,107.708,110.802
