Fecha,Indice general,Alimentos y bebidad,Vivienda,Educación,Transporte
01/01/1970,0.012198000000,N/E,N/E,N/E,N/E
01/02/1970,0.012196000000,N/E,N/E,N/E,N/E
01/03/1970,0.012232000000,N/E,N/E,N/E,N/E
01/04/1970,0.012248000000,N/E,N/E,N/E,N/E
01/05/1970,0.012274000000,N/E,N/E,N/E,N/E
01/06/1970,0.012348000000,N/E,N/E,N/E,N/E
01/07/1970,0.012409000000,N/E,N/E,N/E,N/E
01/08/1970,0.012466000000,N/E,N/E,N/E,N/E
01/09/1970,0.012496000000,N/E,N/E,N/E,N/E
01/10/1970,0.012500000000,N/E,N/E,N/E,N/E
01/11/1970,0.012568000000,N/E,N/E,N/E,N/E
01/12/1970,0.012674000000,N/E,N/E,N/E,N/E
01/01/1971,0.012799000000,N/E,N/E,N/E,N/E
01/02/1971,0.012852000000,N/E,N/E,N/E,N/E
01/03/1971,0.012901000000,N/E,N/E,N/E,N/E
01/04/1971,0.012967000000,N/E,N/E,N/E,N/E
01/05/1971,0.012994000000,N/E,N/E,N/E,N/E
01/06/1971,0.013053000000,N/E,N/E,N/E,N/E
01/07/1971,0.013043000000,N/E,N/E,N/E,N/E
01/08/1971,0.013162000000,N/E,N/E,N/E,N/E
01/09/1971,0.013205000000,N/E,N/E,N/E,N/E
01/10/1971,0.013218000000,N/E,N/E,N/E,N/E
01/11/1971,0.013240000000,N/E,N/E,N/E,N/E
01/12/1971,0.013303000000,N/E,N/E,N/E,N/E
01/01/1972,0.013362000000,N/E,N/E,N/E,N/E
01/02/1972,0.013403000000,N/E,N/E,N/E,N/E
01/03/1972,0.013476000000,N/E,N/E,N/E,N/E
01/04/1972,0.013561000000,N/E,N/E,N/E,N/E
01/05/1972,0.013588000000,N/E,N/E,N/E,N/E
01/06/1972,0.013689000000,N/E,N/E,N/E,N/E
01/07/1972,0.013740000000,N/E,N/E,N/E,N/E
01/08/1972,0.013831000000,N/E,N/E,N/E,N/E
01/09/1972,0.013894000000,N/E,N/E,N/E,N/E
01/10/1972,0.013904000000,N/E,N/E,N/E,N/E
01/11/1972,0.013994000000,N/E,N/E,N/E,N/E
01/12/1972,0.014042000000,N/E,N/E,N/E,N/E
01/01/1973,0.014246000000,N/E,N/E,N/E,N/E
01/02/1973,0.014363000000,N/E,N/E,N/E,N/E
01/03/1973,0.014490000000,N/E,N/E,N/E,N/E
01/04/1973,0.014719000000,N/E,N/E,N/E,N/E
01/05/1973,0.014876000000,N/E,N/E,N/E,N/E
01/06/1973,0.014998000000,N/E,N/E,N/E,N/E
01/07/1973,0.015382000000,N/E,N/E,N/E,N/E
01/08/1973,0.015629000000,N/E,N/E,N/E,N/E
01/09/1973,0.016001000000,N/E,N/E,N/E,N/E
01/10/1973,0.016206000000,N/E,N/E,N/E,N/E
01/11/1973,0.016406000000,N/E,N/E,N/E,N/E
01/12/1973,0.017043000000,N/E,N/E,N/E,N/E
01/01/1974,0.017653000000,N/E,N/E,N/E,N/E
01/02/1974,0.018052000000,N/E,N/E,N/E,N/E
01/03/1974,0.018191000000,N/E,N/E,N/E,N/E
01/04/1974,0.018438000000,N/E,N/E,N/E,N/E
01/05/1974,0.018583000000,N/E,N/E,N/E,N/E
01/06/1974,0.018766000000,N/E,N/E,N/E,N/E
01/07/1974,0.019038000000,N/E,N/E,N/E,N/E
01/08/1974,0.019239000000,N/E,N/E,N/E,N/E
01/09/1974,0.019457000000,N/E,N/E,N/E,N/E
01/10/1974,0.019843000000,N/E,N/E,N/E,N/E
01/11/1974,0.020394000000,N/E,N/E,N/E,N/E
01/12/1974,0.020553000000,N/E,N/E,N/E,N/E
01/01/1975,0.020816000000,N/E,N/E,N/E,N/E
01/02/1975,0.020931000000,N/E,N/E,N/E,N/E
01/03/1975,0.021063000000,N/E,N/E,N/E,N/E
01/04/1975,0.021241000000,N/E,N/E,N/E,N/E
01/05/1975,0.021525000000,N/E,N/E,N/E,N/E
01/06/1975,0.021891000000,N/E,N/E,N/E,N/E
01/07/1975,0.022066000000,N/E,N/E,N/E,N/E
01/08/1975,0.022257000000,N/E,N/E,N/E,N/E
01/09/1975,0.022419000000,N/E,N/E,N/E,N/E
01/10/1975,0.022534000000,N/E,N/E,N/E,N/E
01/11/1975,0.022692000000,N/E,N/E,N/E,N/E
01/12/1975,0.022877000000,N/E,N/E,N/E,N/E
01/01/1976,0.023319000000,N/E,N/E,N/E,N/E
01/02/1976,0.023755000000,N/E,N/E,N/E,N/E
01/03/1976,0.023988000000,N/E,N/E,N/E,N/E
01/04/1976,0.024156000000,N/E,N/E,N/E,N/E
01/05/1976,0.024325000000,N/E,N/E,N/E,N/E
01/06/1976,0.024423000000,N/E,N/E,N/E,N/E
01/07/1976,0.024629000000,N/E,N/E,N/E,N/E
01/08/1976,0.024865000000,N/E,N/E,N/E,N/E
01/09/1976,0.025713000000,N/E,N/E,N/E,N/E
01/10/1976,0.027161000000,N/E,N/E,N/E,N/E
01/11/1976,0.028388000000,N/E,N/E,N/E,N/E
01/12/1976,0.029100000000,N/E,N/E,N/E,N/E
01/01/1977,0.030027000000,N/E,N/E,N/E,N/E
01/02/1977,0.030690000000,N/E,N/E,N/E,N/E
01/03/1977,0.031225000000,N/E,N/E,N/E,N/E
01/04/1977,0.031697000000,N/E,N/E,N/E,N/E
01/05/1977,0.031976000000,N/E,N/E,N/E,N/E
01/06/1977,0.032368000000,N/E,N/E,N/E,N/E
01/07/1977,0.032734000000,N/E,N/E,N/E,N/E
01/08/1977,0.033405000000,N/E,N/E,N/E,N/E
01/09/1977,0.033998000000,N/E,N/E,N/E,N/E
01/10/1977,0.034258000000,N/E,N/E,N/E,N/E
01/11/1977,0.034632000000,N/E,N/E,N/E,N/E
01/12/1977,0.035112000000,N/E,N/E,N/E,N/E
01/01/1978,0.035892000000,N/E,N/E,N/E,N/E
01/02/1978,0.036408000000,N/E,N/E,N/E,N/E
01/03/1978,0.036787000000,N/E,N/E,N/E,N/E
01/04/1978,0.037196000000,N/E,N/E,N/E,N/E
01/05/1978,0.037560000000,N/E,N/E,N/E,N/E
01/06/1978,0.038077000000,N/E,N/E,N/E,N/E
01/07/1978,0.038723000000,N/E,N/E,N/E,N/E
01/08/1978,0.039109000000,N/E,N/E,N/E,N/E
01/09/1978,0.039555000000,N/E,N/E,N/E,N/E
01/10/1978,0.040034000000,N/E,N/E,N/E,N/E
01/11/1978,0.040446000000,N/E,N/E,N/E,N/E
01/12/1978,0.040789000000,N/E,N/E,N/E,N/E
01/01/1979,0.042237000000,N/E,N/E,N/E,N/E
01/02/1979,0.042845000000,N/E,N/E,N/E,N/E
01/03/1979,0.043426000000,N/E,N/E,N/E,N/E
01/04/1979,0.043815000000,N/E,N/E,N/E,N/E
01/05/1979,0.044389000000,N/E,N/E,N/E,N/E
01/06/1979,0.044881000000,N/E,N/E,N/E,N/E
01/07/1979,0.045425000000,N/E,N/E,N/E,N/E
01/08/1979,0.046112000000,N/E,N/E,N/E,N/E
01/09/1979,0.046678000000,N/E,N/E,N/E,N/E
01/10/1979,0.047493000000,N/E,N/E,N/E,N/E
01/11/1979,0.048104000000,N/E,N/E,N/E,N/E
01/12/1979,0.048956000000,N/E,N/E,N/E,N/E
01/01/1980,0.051342000000,N/E,N/E,N/E,N/E
01/02/1980,0.052529000000,N/E,N/E,N/E,N/E
01/03/1980,0.053610000000,N/E,N/E,N/E,N/E
01/04/1980,0.054547000000,N/E,N/E,N/E,N/E
01/05/1980,0.055437000000,N/E,N/E,N/E,N/E
01/06/1980,0.056536000000,N/E,N/E,N/E,N/E
01/07/1980,0.058115000000,N/E,N/E,N/E,N/E
01/08/1980,0.059319000000,N/E,N/E,N/E,N/E
01/09/1980,0.059978000000,N/E,N/E,N/E,N/E
01/10/1980,0.060886000000,N/E,N/E,N/E,N/E
01/11/1980,0.061942000000,N/E,N/E,N/E,N/E
01/12/1980,0.063567000000,N/E,N/E,N/E,N/E
01/01/1981,0.065615000000,N/E,N/E,N/E,N/E
01/02/1981,0.067227000000,N/E,N/E,N/E,N/E
01/03/1981,0.068665000000,N/E,N/E,N/E,N/E
01/04/1981,0.070213000000,N/E,N/E,N/E,N/E
01/05/1981,0.071275000000,N/E,N/E,N/E,N/E
01/06/1981,0.072271000000,N/E,N/E,N/E,N/E
01/07/1981,0.073544000000,N/E,N/E,N/E,N/E
01/08/1981,0.075060000000,N/E,N/E,N/E,N/E
01/09/1981,0.076456000000,N/E,N/E,N/E,N/E
01/10/1981,0.078153000000,N/E,N/E,N/E,N/E
01/11/1981,0.079657000000,N/E,N/E,N/E,N/E
01/12/1981,0.081801000000,N/E,N/E,N/E,N/E
01/01/1982,0.085866000000,0.069710000000,0.131908000000,0.046114000000,0.052458000000
01/02/1982,0.089240000000,0.071632000000,0.138348000000,0.046192000000,0.057353000000
01/03/1982,0.092499000000,0.073617000000,0.144199000000,0.047339000000,0.059159000000
01/04/1982,0.097512000000,0.078371000000,0.150250000000,0.049480000000,0.060641000000
01/05/1982,0.102993000000,0.083602000000,0.159609000000,0.057047000000,0.063630000000
01/06/1982,0.107954000000,0.087173000000,0.165667000000,0.060179000000,0.065667000000
01/07/1982,0.113517000000,0.090704000000,0.174931000000,0.064499000000,0.066122000000
01/08/1982,0.126256000000,0.102234000000,0.185012000000,0.070132000000,0.075593000000
01/09/1982,0.132995000000,0.106973000000,0.193467000000,0.073115000000,0.076741000000
01/10/1982,0.139890000000,0.115674000000,0.202775000000,0.074725000000,0.077272000000
01/11/1982,0.146963000000,0.122383000000,0.212475000000,0.074833000000,0.077477000000
01/12/1982,0.162656000000,0.131143000000,0.222543000000,0.074923000000,0.088962000000
01/01/1983,0.180355000000,0.142505000000,0.238000000000,0.081583000000,0.104364000000
01/02/1983,0.190034000000,0.147926000000,0.247849000000,0.085644000000,0.106005000000
01/03/1983,0.199232000000,0.152162000000,0.257908000000,0.086064000000,0.106943000000
01/04/1983,0.211846000000,0.162219000000,0.268201000000,0.086900000000,0.112565000000
01/05/1983,0.221034000000,0.168641000000,0.277957000000,0.089147000000,0.115509000000
01/06/1983,0.229404000000,0.173679000000,0.288499000000,0.093293000000,0.117957000000
01/07/1983,0.240746000000,0.188156000000,0.298898000000,0.105632000000,0.118740000000
01/08/1983,0.250091000000,0.198270000000,0.307979000000,0.121127000000,0.119429000000
01/09/1983,0.257787000000,0.203433000000,0.317518000000,0.126986000000,0.122994000000
01/10/1983,0.266341000000,0.210671000000,0.326208000000,0.127916000000,0.128362000000
01/11/1983,0.281983000000,0.229970000000,0.337565000000,0.127916000000,0.139167000000
01/12/1983,0.294047000000,0.241864000000,0.348187000000,0.127916000000,0.141774000000
01/01/1984,0.312728000000,0.255746000000,0.364757000000,0.129462000000,0.146852000000
01/02/1984,0.329232000000,0.271715000000,0.381640000000,0.134625000000,0.147637000000
01/03/1984,0.343304000000,0.283359000000,0.394644000000,0.134636000000,0.152454000000
01/04/1984,0.358156000000,0.297493000000,0.403415000000,0.134636000000,0.160957000000
01/05/1984,0.370032000000,0.307970000000,0.413111000000,0.134968000000,0.164376000000
01/06/1984,0.383423000000,0.322238000000,0.424638000000,0.141165000000,0.165879000000
01/07/1984,0.395993000000,0.333794000000,0.438205000000,0.142418000000,0.167345000000
01/08/1984,0.407249000000,0.338401000000,0.449756000000,0.157473000000,0.169527000000
01/09/1984,0.419380000000,0.350275000000,0.460536000000,0.210533000000,0.173544000000
01/10/1984,0.434034000000,0.371459000000,0.471587000000,0.210578000000,0.177524000000
01/11/1984,0.448929000000,0.382888000000,0.483193000000,0.210578000000,0.179337000000
01/12/1984,0.467996000000,0.406596000000,0.496322000000,0.210614000000,0.182754000000
01/01/1985,0.502711000000,0.426850000000,0.520881000000,0.211554000000,0.217715000000
01/02/1985,0.523596000000,0.450697000000,0.543059000000,0.219158000000,0.231644000000
01/03/1985,0.543885000000,0.476135000000,0.561774000000,0.219161000000,0.234084000000
01/04/1985,0.560621000000,0.485006000000,0.577519000000,0.219161000000,0.236556000000
01/05/1985,0.573902000000,0.495354000000,0.593864000000,0.225624000000,0.237859000000
01/06/1985,0.588276000000,0.507096000000,0.613099000000,0.229441000000,0.242941000000
01/07/1985,0.608763000000,0.515205000000,0.639107000000,0.230624000000,0.245269000000
01/08/1985,0.635377000000,0.532857000000,0.661602000000,0.249857000000,0.253742000000
01/09/1985,0.660752000000,0.549238000000,0.685345000000,0.342261000000,0.259600000000
01/10/1985,0.685852000000,0.573138000000,0.708861000000,0.344981000000,0.264226000000
01/11/1985,0.717495000000,0.596324000000,0.745919000000,0.345043000000,0.266767000000
01/12/1985,0.766340000000,0.623276000000,0.775524000000,0.345389000000,0.309493000000
01/01/1986,0.834092000000,0.707579000000,0.821128000000,0.356364000000,0.370723000000
01/02/1986,0.871174000000,0.741910000000,0.865782000000,0.368933000000,0.413385000000
01/03/1986,0.911667000000,0.789843000000,0.896240000000,0.369078000000,0.430363000000
01/04/1986,0.959263000000,0.846908000000,0.928134000000,0.369256000000,0.433881000000
01/05/1986,1.012570000000,0.919008000000,0.959546000000,0.382681000000,0.440295000000
01/06/1986,1.077567000000,0.998554000000,1.010772000000,0.395583000000,0.456571000000
01/07/1986,1.131333000000,1.035237000000,1.051718000000,0.399333000000,0.504963000000
01/08/1986,1.221531000000,1.093859000000,1.088812000000,0.410707000000,0.813676000000
01/09/1986,1.294812000000,1.167327000000,1.133145000000,0.616305000000,0.825349000000
01/10/1986,1.368824000000,1.254667000000,1.187541000000,0.616305000000,0.830935000000
01/11/1986,1.461304000000,1.336509000000,1.245225000000,0.618138000000,0.853727000000
01/12/1986,1.576735000000,1.433886000000,1.327751000000,0.622338000000,0.904507000000
01/01/1987,1.704401000000,1.526741000000,1.411223000000,0.687038000000,1.015470000000
01/02/1987,1.827386000000,1.662294000000,1.472734000000,0.719285000000,1.095961000000
01/03/1987,1.948153000000,1.789002000000,1.548935000000,0.719601000000,1.135138000000
01/04/1987,2.118606000000,1.912792000000,1.635126000000,0.721848000000,1.198136000000
01/05/1987,2.278325000000,2.056706000000,1.720219000000,0.743012000000,1.501265000000
01/06/1987,2.443146000000,2.226873000000,1.803843000000,0.774006000000,1.706912000000
01/07/1987,2.641022000000,2.401729000000,1.896355000000,0.788199000000,1.784974000000
01/08/1987,2.856872000000,2.541230000000,2.009554000000,0.842041000000,1.892894000000
01/09/1987,3.045081000000,2.733250000000,2.110380000000,1.306577000000,1.903983000000
01/10/1987,3.298845000000,2.952726000000,2.243880000000,1.318558000000,1.969477000000
01/11/1987,3.560511000000,3.189367000000,2.425883000000,1.339920000000,2.013111000000
01/12/1987,4.086392000000,3.459885000000,2.634775000000,1.344047000000,2.553218000000
01/01/1988,4.718246000000,4.078511000000,2.856124000000,1.712882000000,3.548911000000
01/02/1988,5.111783000000,4.527947000000,3.098354000000,1.872987000000,3.670582000000
01/03/1988,5.373547000000,4.726421000000,3.410243000000,1.905939000000,3.694777000000
01/04/1988,5.538941000000,4.802745000000,3.681606000000,1.915631000000,3.704319000000
01/05/1988,5.646109000000,4.835836000000,3.989340000000,1.976180000000,3.713347000000
01/06/1988,5.761292000000,4.851332000000,4.251417000000,1.996483000000,3.717391000000
01/07/1988,5.857457000000,4.880445000000,4.533273000000,2.045636000000,3.718134000000
01/08/1988,5.911343000000,4.871624000000,4.794783000000,2.081710000000,3.719219000000
01/09/1988,5.945139000000,4.807106000000,5.055206000000,2.986425000000,3.727319000000
01/10/1988,5.990486000000,4.818766000000,5.327814000000,3.006996000000,3.738710000000
01/11/1988,6.070654000000,4.846735000000,5.563246000000,3.009277000000,3.742509000000
01/12/1988,6.197316000000,4.979704000000,5.838489000000,3.010656000000,3.748748000000
01/01/1989,6.349024000000,5.164122000000,6.200140000000,3.163865000000,3.823294000000
01/02/1989,6.435184000000,5.210851000000,6.522068000000,3.277666000000,3.861905000000
01/03/1989,6.504945000000,5.241631000000,6.759736000000,3.304480000000,3.891493000000
01/04/1989,6.602224000000,5.298743000000,6.953493000000,3.317972000000,3.958314000000
01/05/1989,6.693099000000,5.326187000000,7.194040000000,3.349757000000,3.979083000000
01/06/1989,6.774385000000,5.350318000000,7.410758000000,3.384957000000,3.989713000000
01/07/1989,6.842148000000,5.374162000000,7.657006000000,3.392838000000,4.005686000000
01/08/1989,6.907333000000,5.413538000000,7.903438000000,3.427829000000,4.033707000000
01/09/1989,6.973393000000,5.454627000000,8.192624000000,3.941148000000,4.053559000000
01/10/1989,7.076525000000,5.552887000000,8.452635000000,3.957168000000,4.058831000000
01/11/1989,7.175855000000,5.609202000000,8.724095000000,3.964241000000,4.066419000000
01/12/1989,7.418030000000,5.833518000000,9.045073000000,3.980673000000,4.448113000000
01/01/1990,7.776037000000,6.145184000000,9.392486000000,4.070141000000,5.863520000000
01/02/1990,7.952120000000,6.227906000000,9.676559000000,4.139994000000,6.030314000000
01/03/1990,8.092310000000,6.305158000000,9.969941000000,4.156373000000,6.092545000000
01/04/1990,8.215472000000,6.422196000000,10.300227000000,4.184641000000,6.170371000000
01/05/1990,8.358838000000,6.588973000000,10.609764000000,4.205573000000,6.275126000000
01/06/1990,8.542939000000,6.815864000000,10.930399000000,4.257622000000,6.498730000000
01/07/1990,8.698735000000,6.969287000000,11.275979000000,4.307525000000,6.677245000000
01/08/1990,8.846950000000,7.100127000000,11.605619000000,4.383841000000,6.726186000000
01/09/1990,8.973061000000,7.152056000000,11.933421000000,5.321713000000,6.754638000000
01/10/1990,9.102060000000,7.283475000000,12.251625000000,5.345472000000,6.881915000000
01/11/1990,9.343723000000,7.447307000000,12.606362000000,5.367733000000,7.067241000000
01/12/1990,9.638214000000,7.675825000000,13.027615000000,5.450243000000,7.356596000000
01/01/1991,9.883880000000,7.872336000000,13.435936000000,5.606516000000,7.658292000000
01/02/1991,10.056425000000,7.999690000000,13.769835000000,5.692163000000,7.909632000000
01/03/1991,10.199840000000,8.105940000000,14.049124000000,5.726734000000,8.205998000000
01/04/1991,10.306688000000,8.202712000000,14.262406000000,5.747219000000,8.296134000000
01/05/1991,10.407442000000,8.282125000000,14.453117000000,5.788254000000,8.322182000000
01/06/1991,10.516648000000,8.381942000000,14.620683000000,5.849328000000,8.341385000000
01/07/1991,10.609584000000,8.426427000000,14.794953000000,5.889559000000,8.360308000000
01/08/1991,10.683423000000,8.473397000000,14.950407000000,5.957721000000,8.376368000000
01/09/1991,10.789850000000,8.552010000000,15.132386000000,7.028320000000,8.402381000000
01/10/1991,10.915343000000,8.673742000000,15.329316000000,7.108175000000,8.429042000000
01/11/1991,11.186374000000,8.839002000000,15.561101000000,7.113501000000,9.579086000000
01/12/1991,11.449680000000,9.058687000000,15.929495000000,7.121130000000,10.070518000000
01/01/1992,11.657778000000,9.141667000000,16.318114000000,7.270653000000,10.198285000000
01/02/1992,11.795900000000,9.159575000000,16.595434000000,7.331695000000,10.368098000000
01/03/1992,11.915948000000,9.201556000000,16.799871000000,7.335229000000,10.532704000000
01/04/1992,12.022171000000,9.252561000000,16.962444000000,7.355803000000,10.700853000000
01/05/1992,12.101438000000,9.364213000000,17.136797000000,7.364143000000,10.771898000000
01/06/1992,12.183345000000,9.456696000000,17.323158000000,7.405581000000,10.830322000000
01/07/1992,12.260272000000,9.519555000000,17.497800000000,7.503252000000,10.892582000000
01/08/1992,12.335592000000,9.583113000000,17.660017000000,7.623688000000,10.958437000000
01/09/1992,12.442897000000,9.637908000000,17.800495000000,9.502693000000,10.959527000000
01/10/1992,12.532494000000,9.675055000000,17.917844000000,9.570726000000,10.980550000000
01/11/1992,12.636620000000,9.695878000000,18.039075000000,9.571971000000,11.011916000000
01/12/1992,12.816553000000,9.763163000000,18.165261000000,9.572948000000,11.080509000000
01/01/1993,12.977320000000,9.846233000000,18.344591000000,9.665142000000,11.223646000000
01/02/1993,13.083345000000,9.961723000000,18.527372000000,9.699670000000,11.404220000000
01/03/1993,13.159594000000,10.068509000000,18.675513000000,9.721323000000,11.549404000000
01/04/1993,13.235480000000,10.148691000000,18.802278000000,9.812911000000,11.734814000000
01/05/1993,13.311137000000,10.197169000000,18.910714000000,9.914270000000,11.803788000000
01/06/1993,13.385797000000,10.215238000000,19.012687000000,9.962267000000,11.866960000000
01/07/1993,13.450123000000,10.242788000000,19.126559000000,9.989188000000,11.891129000000
01/08/1993,13.522112000000,10.293547000000,19.220121000000,10.040637000000,11.905499000000
01/09/1993,13.622261000000,10.310574000000,19.301109000000,11.574141000000,11.917927000000
01/10/1993,13.677973000000,10.336887000000,19.399747000000,11.585625000000,11.945676000000
01/11/1993,13.738302000000,10.328072000000,19.489504000000,11.590180000000,12.047080000000
01/12/1993,13.843055000000,10.332655000000,19.623319000000,11.590180000000,12.151686000000
01/01/1994,13.950375000000,10.433765000000,19.791342000000,11.656094000000,12.303100000000
01/02/1994,14.022124000000,10.516245000000,19.966442000000,11.700051000000,12.475438000000
01/03/1994,14.094225000000,10.646047000000,20.084536000000,11.705806000000,12.633373000000
01/04/1994,14.163251000000,10.735379000000,20.192615000000,11.732609000000,12.701307000000
01/05/1994,14.231682000000,10.806771000000,20.301804000000,11.786103000000,12.706968000000
01/06/1994,14.302895000000,10.853163000000,20.409291000000,11.840059000000,12.719677000000
01/07/1994,14.366327000000,10.887524000000,20.506549000000,11.845407000000,12.727583000000
01/08/1994,14.433287000000,10.948774000000,20.594656000000,11.934905000000,12.732022000000
01/09/1994,14.535937000000,11.070557000000,20.675944000000,13.288587000000,12.737019000000
01/10/1994,14.612245000000,11.158415000000,20.758447000000,13.287692000000,12.758750000000
01/11/1994,14.690361000000,11.222284000000,20.834776000000,13.293707000000,12.769211000000
01/12/1994,14.819204000000,11.310181000000,20.972894000000,13.293707000000,12.810286000000
01/01/1995,15.376991000000,11.784140000000,21.523160000000,13.345820000000,13.076073000000
01/02/1995,16.028707000000,12.431819000000,22.351294000000,13.395844000000,13.530050000000
01/03/1995,16.973617000000,13.121405000000,23.170273000000,13.412039000000,15.896544000000
01/04/1995,18.326133000000,14.188945000000,24.679415000000,13.458176000000,17.176942000000
01/05/1995,19.092090000000,15.122419000000,25.723213000000,13.516736000000,17.339219000000
01/06/1995,19.698024000000,15.817669000000,26.525815000000,13.654793000000,17.464548000000
01/07/1995,20.099588000000,16.282663000000,27.068490000000,13.750772000000,17.524400000000
01/08/1995,20.432981000000,16.634068000000,27.487914000000,14.004128000000,17.569515000000
01/09/1995,20.855643000000,17.042884000000,27.852441000000,15.830102000000,17.716749000000
01/10/1995,21.284762000000,17.414007000000,28.220314000000,15.833882000000,17.847777000000
01/11/1995,21.809608000000,17.929428000000,28.617262000000,15.833882000000,17.932779000000
01/12/1995,22.520167000000,18.550914000000,29.441075000000,15.854072000000,18.682930000000
01/01/1996,23.329754000000,19.272822000000,30.274343000000,16.201220000000,20.110082000000
01/02/1996,23.874262000000,19.827295000000,30.930740000000,16.275401000000,20.577592000000
01/03/1996,24.399826000000,20.394815000000,31.498632000000,16.303718000000,20.973340000000
01/04/1996,25.093450000000,21.245758000000,32.254330000000,16.353522000000,21.210191000000
01/05/1996,25.550842000000,21.634253000000,32.809118000000,16.395853000000,21.346185000000
01/06/1996,25.966902000000,22.007917000000,33.236421000000,16.445229000000,21.471486000000
01/07/1996,26.336031000000,22.304365000000,33.771645000000,16.511060000000,21.657967000000
01/08/1996,26.686072000000,22.552754000000,34.190629000000,16.735109000000,21.844580000000
01/09/1996,27.112751000000,22.839425000000,34.552154000000,19.092663000000,22.005677000000
01/10/1996,27.451168000000,23.094458000000,34.870197000000,19.093656000000,22.090335000000
01/11/1996,27.867083000000,23.372426000000,35.202737000000,19.093656000000,22.239426000000
01/12/1996,28.759336000000,23.801094000000,36.106044000000,19.108025000000,25.753321000000
01/01/1997,29.498886000000,24.699202000000,36.905276000000,19.314230000000,26.439019000000
01/02/1997,29.994598000000,25.084547000000,37.536686000000,19.569924000000,27.169819000000
01/03/1997,30.367889000000,25.322874000000,37.986132000000,19.593341000000,27.879464000000
01/04/1997,30.695972000000,25.643056000000,38.362210000000,19.671906000000,28.420208000000
01/05/1997,30.976119000000,25.911873000000,38.789730000000,19.734552000000,28.540923000000
01/06/1997,31.250957000000,26.125379000000,39.186526000000,19.773342000000,28.600939000000
01/07/1997,31.523211000000,26.195142000000,39.555761000000,19.849299000000,28.649994000000
01/08/1997,31.803502000000,26.249898000000,39.884889000000,20.139596000000,28.690269000000
01/09/1997,32.199613000000,26.590113000000,40.225734000000,22.748874000000,28.697272000000
01/10/1997,32.456941000000,26.852780000000,40.562918000000,22.754373000000,28.733914000000
01/11/1997,32.820042000000,27.098250000000,41.064415000000,22.755418000000,28.756185000000
01/12/1997,33.279875000000,27.237591000000,41.728928000000,22.755418000000,28.943610000000
01/01/1998,34.003924000000,27.927511000000,42.573207000000,23.074720000000,30.359272000000
01/02/1998,34.599238000000,28.720380000000,43.264568000000,23.277051000000,31.036054000000
01/03/1998,35.004533000000,29.010587000000,43.782238000000,23.298395000000,31.520532000000
01/04/1998,35.332042000000,29.336706000000,44.283211000000,23.319307000000,31.703024000000
01/05/1998,35.613481000000,29.614523000000,44.743975000000,23.424402000000,31.760479000000
01/06/1998,36.034420000000,30.253037000000,45.160710000000,23.459077000000,31.946567000000
01/07/1998,36.381878000000,30.397439000000,45.549103000000,23.519032000000,32.097511000000
01/08/1998,36.731632000000,30.647534000000,45.962113000000,23.755608000000,32.359533000000
01/09/1998,37.327376000000,31.377023000000,46.568460000000,26.765637000000,32.556652000000
01/10/1998,37.862269000000,32.086458000000,47.157540000000,26.771222000000,32.632932000000
01/11/1998,38.532786000000,32.382673000000,47.624283000000,26.775296000000,32.710806000000
01/12/1998,39.472974000000,32.778527000000,48.402629000000,26.785404000000,34.948109000000
01/01/1999,40.469770000000,34.232965000000,49.189065000000,26.938809000000,35.948897000000
01/02/1999,41.013643000000,34.811214000000,49.835522000000,27.226174000000,36.612185000000
01/03/1999,41.394684000000,35.141567000000,50.584444000000,27.300234000000,36.972907000000
01/04/1999,41.774577000000,35.464119000000,51.054179000000,27.410289000000,37.274956000000
01/05/1999,42.025877000000,35.721645000000,51.553847000000,27.488537000000,37.589090000000
01/06/1999,42.302006000000,35.940367000000,52.047760000000,27.570276000000,37.682907000000
01/07/1999,42.581580000000,36.086848000000,52.437634000000,27.609779000000,37.748269000000
01/08/1999,42.821255000000,36.317313000000,52.821359000000,27.960030000000,37.803906000000
01/09/1999,43.235018000000,36.520095000000,53.192033000000,31.626882000000,37.911016000000
01/10/1999,43.508851000000,36.815136000000,53.526480000000,31.627991000000,37.975819000000
01/11/1999,43.895776000000,37.012805000000,53.801594000000,31.628134000000,38.309948000000
01/12/1999,44.335516000000,37.258370000000,54.192977000000,31.633447000000,38.389938000000
01/01/2000,44.930830000000,37.869812000000,54.831037000000,31.901764000000,39.575323000000
01/02/2000,45.329380000000,38.316538000000,55.392364000000,32.192772000000,40.322848000000
01/03/2000,45.580681000000,38.597266000000,55.708654000000,32.208673000000,40.564544000000
01/04/2000,45.840018000000,38.772777000000,56.059294000000,32.217913000000,40.710893000000
01/05/2000,46.011379000000,38.909748000000,56.362827000000,32.350315000000,40.860430000000
01/06/2000,46.283920000000,38.947036000000,56.646648000000,32.438795000000,40.880407000000
01/07/2000,46.464466000000,39.004173000000,56.849377000000,32.499085000000,40.937708000000
01/08/2000,46.719785000000,39.117026000000,57.002590000000,32.922340000000,41.147420000000
01/09/2000,47.061072000000,39.285684000000,57.171722000000,36.396395000000,41.291013000000
01/10/2000,47.385136000000,39.428549000000,57.421671000000,36.427904000000,41.372340000000
01/11/2000,47.790288000000,39.624702000000,57.666084000000,36.427904000000,41.429588000000
01/12/2000,48.307671000000,39.756228000000,57.948049000000,36.427904000000,41.538911000000
01/01/2001,48.575476000000,40.196469000000,58.412073000000,36.708335000000,41.922402000000
01/02/2001,48.543328000000,40.588947000000,58.797856000000,36.916467000000,42.389588000000
01/03/2001,48.850888000000,40.863052000000,59.117400000000,36.919269000000,42.723104000000
01/04/2001,49.097309000000,41.152388000000,59.399158000000,36.921344000000,42.952212000000
01/05/2001,49.209970000000,41.365126000000,59.633128000000,37.034855000000,43.681001000000
01/06/2001,49.326364000000,41.471976000000,59.844517000000,37.138424000000,43.824293000000
01/07/2001,49.198202000000,41.480705000000,60.089765000000,37.176237000000,43.918755000000
01/08/2001,49.489688000000,41.509022000000,60.313613000000,37.582279000000,43.973199000000
01/09/2001,49.950381000000,41.596424000000,60.604055000000,41.513076000000,43.981823000000
01/10/2001,50.176135000000,41.774037000000,60.852075000000,41.533333000000,44.057343000000
01/11/2001,50.365149000000,41.875508000000,61.042053000000,41.533888000000,44.065629000000
01/12/2001,50.434899000000,41.912323000000,61.239318000000,41.533888000000,44.324465000000
01/01/2002,50.900472000000,42.169420000000,61.626643000000,41.732013000000,46.470676000000
01/02/2002,50.867750000000,42.448387000000,62.197386000000,41.879139000000,46.871124000000
01/03/2002,51.127948000000,42.693526000000,62.530389000000,41.942637000000,47.082782000000
01/04/2002,51.407235000000,42.830932000000,62.865571000000,41.950208000000,47.347092000000
01/05/2002,51.511429000000,42.919331000000,63.171691000000,41.961703000000,47.563243000000
01/06/2002,51.762586000000,42.887700000000,63.479513000000,42.024481000000,47.669584000000
01/07/2002,51.911181000000,42.870388000000,63.748264000000,42.064057000000,47.739919000000
01/08/2002,52.108560000000,42.939050000000,64.018251000000,42.606128000000,47.813813000000
01/09/2002,52.421984000000,43.012151000000,64.284450000000,45.704246000000,47.988699000000
01/10/2002,52.653036000000,43.265218000000,64.528673000000,45.705647000000,48.046425000000
01/11/2002,53.078877000000,43.398901000000,64.753667000000,45.705647000000,48.132910000000
01/12/2002,53.309930000000,43.492719000000,64.933531000000,45.705647000000,48.243246000000
01/01/2003,53.525441000000,43.793016000000,65.255440000000,45.871815000000,48.632372000000
01/02/2003,53.674122000000,44.078509000000,65.621611000000,46.166016000000,48.826035000000
01/03/2003,54.012930000000,44.328900000000,65.930075000000,46.239600000000,48.892812000000
01/04/2003,54.105144000000,44.462383000000,66.150009000000,46.310821000000,48.990382000000
01/05/2003,53.930560000000,44.589542000000,66.358076000000,46.329178000000,49.080113000000
01/06/2003,53.975112000000,44.632347000000,66.566785000000,46.359078000000,49.110753000000
01/07/2003,54.053339000000,44.627781000000,66.720330000000,46.414885000000,49.169418000000
01/08/2003,54.215490000000,44.687123000000,66.930639000000,47.411867000000,49.243409000000
01/09/2003,54.538238000000,44.753627000000,67.132316000000,49.619054000000,49.336372000000
01/10/2003,54.738207000000,44.955056000000,67.335270000000,49.616085000000,49.406239000000
01/11/2003,55.192542000000,45.236015000000,67.480476000000,49.632500000000,49.516844000000
01/12/2003,55.429811000000,45.535416000000,67.611436000000,49.633049000000,49.557666000000
01/01/2004,55.774317000000,45.964509000000,67.837390000000,49.757649000000,50.919950000000
01/02/2004,56.107945000000,46.347304000000,68.149477000000,49.962856000000,51.866616000000
01/03/2004,56.298071000000,46.598119000000,68.564680000000,50.030650000000,52.278003000000
01/04/2004,56.383032000000,46.796606000000,68.917459000000,50.134746000000,52.974913000000
01/05/2004,56.241603000000,47.012369000000,69.158559000000,50.205468000000,53.070447000000
01/06/2004,56.331745000000,47.234104000000,69.318031000000,50.274833000000,53.087678000000
01/07/2004,56.479390000000,47.409787000000,69.469668000000,50.406035000000,53.231149000000
01/08/2004,56.828041000000,47.619904000000,69.589982000000,50.962332000000,53.302726000000
01/09/2004,57.297917000000,47.877852000000,69.770345000000,53.345372000000,53.360648000000
01/10/2004,57.694747000000,48.215067000000,69.875000000000,53.345863000000,53.463879000000
01/11/2004,58.186899000000,48.420616000000,70.004449000000,53.348276000000,53.554115000000
01/12/2004,58.307088000000,48.742303000000,70.111334000000,53.354146000000,53.700656000000
01/01/2005,58.309160000000,48.995461000000,70.298606000000,53.643844000000,54.333225000000
01/02/2005,58.503431000000,49.212898000000,70.562171000000,53.755859000000,54.605210000000
01/03/2005,58.767121000000,49.349664000000,70.662508000000,53.807748000000,54.812722000000
01/04/2005,58.976415000000,49.448802000000,70.785253000000,53.850354000000,55.083081000000
01/05/2005,58.828251000000,49.595976000000,70.868183000000,53.896632000000,55.164230000000
01/06/2005,58.771783000000,49.746076000000,70.975953000000,54.012574000000,55.270580000000
01/07/2005,59.001800000000,49.782797000000,71.123244000000,54.058919000000,55.253771000000
01/08/2005,59.072255000000,49.851742000000,71.231093000000,54.591442000000,55.316646000000
01/09/2005,59.309006000000,50.045914000000,71.422832000000,56.891555000000,55.466773000000
01/10/2005,59.454580000000,50.228862000000,71.627139000000,56.889063000000,55.484327000000
01/11/2005,59.882493000000,50.344314000000,71.775701000000,56.889063000000,55.589350000000
01/12/2005,60.250312000000,50.541415000000,71.902124000000,56.890253000000,55.666655000000
01/01/2006,60.603626000000,50.762803000000,72.160702000000,57.030940000000,56.049798000000
01/02/2006,60.696358000000,50.991693000000,72.458020000000,57.218584000000,56.091118000000
01/03/2006,60.772512000000,51.131948000000,72.812426000000,57.287105000000,56.216554000000
01/04/2006,60.861617000000,51.215338000000,73.124963000000,57.360132000000,56.259360000000
01/05/2006,60.590675000000,51.322859000000,73.429082000000,57.437566000000,56.311155000000
01/06/2006,60.642998000000,51.469205000000,73.733009000000,57.528910000000,56.353253000000
01/07/2006,60.809294000000,51.605285000000,73.919792000000,57.570421000000,56.476156000000
01/08/2006,61.119609000000,51.714940000000,74.077101000000,58.049366000000,56.822342000000
01/09/2006,61.736612000000,52.111821000000,74.201684000000,60.134136000000,56.872885000000
01/10/2006,62.006519000000,52.370629000000,74.293234000000,60.134136000000,56.910852000000
01/11/2006,62.331857000000,52.704870000000,74.401465000000,60.134136000000,56.943927000000
01/12/2006,62.692424000000,53.118954000000,74.584495000000,60.136427000000,57.061493000000
01/01/2007,63.016208000000,53.893661000000,74.891471000000,60.249346000000,57.918986000000
01/02/2007,63.192347000000,54.075038000000,75.218881000000,60.426798000000,58.224378000000
01/03/2007,63.329113000000,54.157194000000,75.426135000000,60.495318000000,58.286140000000
01/04/2007,63.291295000000,54.282628000000,75.631986000000,60.564974000000,58.325381000000
01/05/2007,62.982534000000,54.477876000000,75.794707000000,60.624211000000,58.357324000000
01/06/2007,63.058170000000,54.751047000000,75.910388000000,60.768342000000,58.434389000000
01/07/2007,63.326005000000,55.087287000000,76.054111000000,60.822431000000,58.496582000000
01/08/2007,63.583996000000,55.369503000000,76.242683000000,61.468765000000,58.642864000000
01/09/2007,64.077703000000,55.773244000000,76.436138000000,63.543088000000,58.695962000000
01/10/2007,64.327405000000,56.334129000000,76.551808000000,63.543088000000,58.771534000000
01/11/2007,64.781221000000,56.728400000000,76.700277000000,63.543088000000,58.822098000000
01/12/2007,65.049056000000,57.114183000000,76.827826000000,63.552536000000,58.936099000000
01/01/2008,65.350564000000,57.611231000000,77.233484000000,63.760200000000,59.558207000000
01/02/2008,65.544834000000,57.894043000000,77.682489000000,63.879772000000,60.510357000000
01/03/2008,66.019891000000,58.305109000000,77.947878000000,63.946080000000,61.325374000000
01/04/2008,66.170127000000,58.907812000000,78.244428000000,64.024236000000,61.564454000000
01/05/2008,66.098635000000,59.596526000000,78.569426000000,64.083807000000,61.589945000000
01/06/2008,66.372168000000,60.003623000000,78.796727000000,64.188656000000,61.627865000000
01/07/2008,66.742059000000,60.283058000000,79.017495000000,64.301066000000,62.140233000000
01/08/2008,67.127492000000,60.694458000000,79.197947000000,64.981182000000,63.135551000000
01/09/2008,67.584935000000,61.015888000000,79.369234000000,67.203764000000,63.976713000000
01/10/2008,68.045486000000,61.170505000000,79.695072000000,67.209333000000,64.217967000000
01/11/2008,68.818942000000,61.667128000000,79.977000000000,67.208793000000,64.574122000000
01/12/2008,69.295552000000,62.514737000000,80.071322000000,67.214762000000,64.735562000000
01/01/2009,69.456149000000,63.201455000000,80.287561000000,67.366503000000,65.878454000000
01/02/2009,69.609494000000,63.391279000000,80.706756000000,67.634136000000,66.222640000000
01/03/2009,70.009950000000,63.792062000000,81.024972000000,67.676384000000,66.281221000000
01/04/2009,70.254990000000,64.248651000000,81.110168000000,67.713677000000,66.364192000000
01/05/2009,70.050358000000,64.612493000000,81.223406000000,67.780273000000,66.367048000000
01/06/2009,70.179354000000,64.759035000000,81.336487000000,67.830170000000,66.379327000000
01/07/2009,70.370516000000,64.867370000000,81.461133000000,67.903861000000,66.488084000000
01/08/2009,70.538884000000,65.011004000000,81.565485000000,68.284840000000,67.179582000000
01/09/2009,70.892716000000,65.285818000000,81.726667000000,69.979615000000,67.376771000000
01/10/2009,71.107191000000,65.662448000000,81.850375000000,69.980408000000,67.439972000000
01/11/2009,71.476046000000,65.740200000000,81.962505000000,69.980411000000,67.488677000000
01/12/2009,71.771855000000,66.095439000000,82.192241000000,69.989852000000,67.559323000000
01/01/2010,72.552046000000,66.929522000000,82.620922000000,70.224527000000,69.714649000000
01/02/2010,72.971671000000,67.207455000000,82.965734000000,70.410212000000,71.099687000000
01/03/2010,73.489725000000,67.315770000000,83.156831000000,70.456534000000,71.756226000000
01/04/2010,73.255565000000,67.428079000000,83.246828000000,70.497051000000,72.192352000000
01/05/2010,72.793978000000,67.602560000000,83.458566000000,70.557003000000,72.289946000000
01/06/2010,72.771183000000,67.457378000000,83.638344000000,70.629067000000,72.645644000000
01/07/2010,72.929190000000,67.447823000000,83.757402000000,70.705628000000,72.719015000000
01/08/2010,73.131750000000,67.503478000000,83.887656000000,71.310467000000,72.847690000000
01/09/2010,73.515110000000,67.571822000000,84.007416000000,73.237502000000,72.917525000000
01/10/2010,73.968926000000,67.874141000000,84.112534000000,73.237515000000,72.952151000000
01/11/2010,74.561581000000,68.237276000000,84.218965000000,73.237121000000,73.041783000000
01/12/2010,74.930954000000,68.972857000000,84.360100000000,73.239906000000,73.227825000000
01/01/2011,75.295991000000,69.946038000000,84.550579000000,73.466489000000,74.038264000000
01/02/2011,75.578460000000,70.418372000000,84.720845000000,73.568557000000,74.215022000000
01/03/2011,75.723451000000,71.049464000000,84.901650000000,73.598129000000,74.103849000000
01/04/2011,75.717441000000,71.461156000000,85.071241000000,73.650721000000,74.083857000000
01/05/2011,75.159264000000,71.824654000000,85.242051000000,73.673772000000,74.339994000000
01/06/2011,75.155508000000,72.090710000000,85.400122000000,73.727471000000,74.470452000000
01/07/2011,75.516107000000,72.317180000000,85.493593000000,73.784561000000,74.665491000000
01/08/2011,75.635555000000,72.333364000000,85.583705000000,74.771606000000,74.789513000000
01/09/2011,75.821113000000,72.520133000000,85.710656000000,76.268696000000,74.817240000000
01/10/2011,76.332712000000,72.937556000000,85.835511000000,76.307431000000,74.835619000000
01/11/2011,77.158333000000,73.295346000000,85.958363000000,76.307061000000,74.881440000000
01/12/2011,77.792385000000,74.020570000000,86.077337000000,76.307124000000,74.979077000000
01/01/2012,78.343049000000,74.966911000000,86.231784000000,76.636770000000,75.468582000000
01/02/2012,78.502314000000,75.556743000000,86.395566000000,76.819493000000,75.111469000000
01/03/2012,78.547389000000,75.759042000000,86.549445000000,76.822575000000,74.558437000000
01/04/2012,78.300980000000,76.045519000000,86.685327000000,76.836274000000,74.491925000000
01/05/2012,78.053819000000,76.361700000000,86.830105000000,77.009593000000,74.586630000000
01/06/2012,78.413667000000,76.724624000000,86.979279000000,77.134227000000,74.691368000000
01/07/2012,78.853897000000,77.093923000000,87.126060000000,77.198914000000,74.714335000000
01/08/2012,79.090540000000,77.257222000000,87.254492000000,77.935993000000,74.765632000000
01/09/2012,79.439119000000,77.529191000000,87.411776000000,79.718022000000,74.894268000000
01/10/2012,79.841036000000,77.811386000000,87.550451000000,79.718022000000,75.018878000000
01/11/2012,80.383437000000,78.181643000000,87.699802000000,79.718022000000,75.263222000000
01/12/2012,80.568243000000,78.544500000000,87.845321000000,79.726112000000,75.317949000000
01/01/2013,80.892782000000,78.884485000000,88.017355000000,80.123351000000,75.935339000000
01/02/2013,81.290943000000,79.027560000000,88.198183000000,80.317780000000,76.781054000000
01/03/2013,81.887433000000,79.228208000000,88.363796000000,80.325739000000,77.072364000000
01/04/2013,81.941523000000,79.455271000000,88.509543000000,80.346489000000,79.157015000000
01/05/2013,81.668820000000,79.708161000000,88.684565000000,80.395125000000,79.444894000000
01/06/2013,81.619238000000,79.750676000000,88.900995000000,80.481333000000,80.031008000000
01/07/2013,81.592193000000,79.795598000000,89.052614000000,80.600712000000,80.316900000000
01/08/2013,81.824328000000,79.927090000000,89.224660000000,81.483795000000,80.646192000000
01/09/2013,82.132340000000,80.132225000000,89.341154000000,83.244769000000,80.789877000000
01/10/2013,82.522988000000,80.363205000000,89.470265000000,83.237992000000,80.894801000000
01/11/2013,83.292265000000,80.386555000000,89.626280000000,83.247153000000,81.021577000000
01/12/2013,83.770058000000,80.645030000000,89.772891000000,83.247153000000,82.339109000000
01/01/2014,84.519052000000,82.540963000000,89.966143000000,83.585200000000,84.302132000000
01/02/2014,84.733157000000,82.768234000000,90.181351000000,83.835187000000,84.564181000000
01/03/2014,84.965292000000,82.860757000000,90.346441000000,83.854243000000,84.436026000000
01/04/2014,84.806779000000,83.110027000000,90.491498000000,83.875132000000,84.587705000000
01/05/2014,84.535579000000,83.502319000000,90.646956000000,83.950736000000,84.922406000000
01/06/2014,84.682072000000,83.786476000000,90.809366000000,84.069415000000,84.974217000000
01/07/2014,84.914959000000,83.947042000000,90.931851000000,84.132993000000,85.069667000000
01/08/2014,85.219965000000,84.251553000000,91.075712000000,84.899513000000,85.205244000000
01/09/2014,85.596340000000,84.425010000000,91.246462000000,86.822073000000,85.277619000000
01/10/2014,86.069626000000,84.650553000000,91.385075000000,86.823183000000,85.326278000000
01/11/2014,86.763778000000,84.728666000000,91.534754000000,86.823198000000,85.444365000000
01/12/2014,87.188984000000,84.925968000000,91.697927000000,86.823213000000,85.537638000000
01/01/2015,87.110103000000,85.320146000000,91.880965000000,87.185851000000,86.119697000000
01/02/2015,87.275377000000,85.330578000000,92.065055000000,87.500591000000,86.443147000000
01/03/2015,87.630717000000,85.332934000000,92.225106000000,87.547675000000,86.624957000000
01/04/2015,87.403840000000,85.508597000000,92.406669000000,87.568234000000,86.687969000000
01/05/2015,86.967366000000,85.547324000000,92.538313000000,87.613161000000,86.735713000000
01/06/2015,87.113108000000,85.751339000000,92.692284000000,87.681230000000,86.819117000000
01/07/2015,87.240820000000,85.849581000000,92.826153000000,87.800336000000,86.835835000000
01/08/2015,87.424875000000,86.013660000000,92.964747000000,88.702314000000,87.241306000000
01/09/2015,87.752419000000,86.324182000000,93.101547000000,90.532709000000,87.584053000000
01/10/2015,88.203919000000,86.667244000000,93.205078000000,90.541877000000,87.803965000000
01/11/2015,88.685468000000,86.906376000000,93.373432000000,90.541942000000,87.902764000000
01/12/2015,89.046818000000,87.204879000000,93.543650000000,90.545244000000,87.941122000000
01/01/2016,89.386381000000,87.528111000000,93.774344000000,90.954878000000,88.937786000000
01/02/2016,89.777781000000,87.769607000000,93.997313000000,91.151335000000,89.280115000000
01/03/2016,89.910001000000,88.061216000000,94.219966000000,91.161234000000,89.337814000000
01/04/2016,89.625278000000,88.391466000000,94.408216000000,91.176761000000,88.261670000000
01/05/2016,89.225615000000,88.786228000000,94.591882000000,91.220866000000,87.782574000000
01/06/2016,89.324028000000,89.100356000000,94.780469000000,91.312349000000,87.860413000000
01/07/2016,89.556914000000,89.169532000000,94.974595000000,91.466178000000,89.617481000000
01/08/2016,89.809333000000,89.234415000000,95.116462000000,92.307464000000,89.680637000000
01/09/2016,90.357744000000,89.827535000000,95.258701000000,94.398483000000,89.773600000000
01/10/2016,90.906154000000,90.281018000000,95.430838000000,94.401127000000,89.930255000000
01/11/2016,91.616834000000,90.557127000000,95.598502000000,94.401127000000,90.029567000000
01/12/2016,92.039035000000,91.045768000000,95.802299000000,94.401127000000,90.231621000000
01/01/2017,93.603882000000,92.142297000000,96.080272000000,94.859567000000,92.052061000000
01/02/2017,94.144780000000,93.064929000000,96.391790000000,95.165704000000,92.798585000000
01/03/2017,94.722489000000,93.777576000000,96.631107000000,95.177153000000,93.174278000000
01/04/2017,94.838933000000,94.378880000000,96.814318000000,95.186149000000,93.814664000000
01/05/2017,94.725494000000,94.808511000000,97.014382000000,95.237285000000,95.552256000000
01/06/2017,94.963640000000,95.251697000000,97.219206000000,95.300788000000,95.636643000000
01/07/2017,95.322736000000,95.634984000000,97.407791000000,95.417432000000,95.881699000000
01/08/2017,95.793768000000,95.991444000000,97.610687000000,96.579246000000,96.306126000000
01/09/2017,96.093515000000,96.157515000000,97.773097000000,98.867315000000,95.231022000000
01/10/2017,96.698269000000,96.359369000000,97.961729000000,98.872823000000,97.208204000000
01/11/2017,97.695174000000,96.751388000000,98.164608000000,98.872823000000,97.368463000000
01/12/2017,98.272883000000,97.254010000000,98.342003000000,98.872823000000,97.772512000000
01/01/2018,98.794999699501,98.129261875585,98.600069017153,99.312085723774,98.779739045245
01/02/2018,99.171374481640,98.616312621932,98.852632736148,99.758607618611,99.370066144848
01/03/2018,99.492156980588,98.793505898234,99.082465836237,99.780475826782,99.559124873340
01/04/2018,99.154847046097,99.001108384959,99.295776920756,99.790596115436,99.777332942768
01/05/2018,98.994080173087,99.294080386309,99.503242511042,99.829497610273,99.881101994951
01/06/2018,99.376464931787,99.530589667891,99.744077292399,99.884181553376,99.924558868953
01/07/2018,99.909099104514,99.951372163252,99.953135026628,99.988609440524,100.003941609062
01/08/2018,100.492000000000,100.362364401100,100.111887786200,101.427904907400,100.255171397000
01/09/2018,100.917000000000,100.771150583000,100.336932852900,103.504281572000,100.394793439500
01/10/2018,101.440000000000,101.027714759800,100.499182671900,103.510033677200,100.566438424400
01/11/2018,102.303000000000,101.386814106200,100.720432781300,103.510033677200,100.669027297400
01/12/2018,103.020000000000,101.854202167100,100.916082892500,103.510033677200,100.854487422800
01/01/2019,103.108000000000,102.344648409400,101.157402029200,103.960454512100,102.191334886000
01/02/2019,103.079000000000,102.898350719900,101.438506608400,104.589209615600,102.776426609400
01/03/2019,103.476000000000,103.293705916400,101.740209041300,104.606861444100,102.997580436900
01/04/2019,103.531000000000,103.705424234600,102.054235775700,104.619837634300,103.286607104400
01/05/2019,103.233000000000,104.140555967600,102.323499889400,104.679955377100,103.513177004500
01/06/2019,103.299000000000,104.513675527800,102.581208106700,104.736865977600,103.656780159000
01/07/2019,103.687000000000,104.816924837000,102.808093255800,104.894749530900,104.042757811700
01/08/2019,103.670000000000,105.007389763600,103.030373368900,106.153535528900,104.562461998600
01/09/2019,103.942000000000,105.415752127600,103.241569465700,108.398317542800,104.763206714000
01/10/2019,104.503000000000,105.747586765400,103.444918619600,108.402090580600,105.369161072500
01/11/2019,105.346000000000,106.007202793800,103.618915194500,108.402090580600,105.793346108400
01/12/2019,105.934000000000,106.381952057100,103.857177379700,108.402090580600,105.942711364400
01/01/2020,106.447000000000,107.560341078500,104.123603336200,108.839353211900,107.374169032000
01/02/2020,106.889000000000,108.032967152300,104.425119587500,109.347904201700,107.766282716900
01/03/2020,106.838000000000,108.514416182400,104.721110815600,109.398227152000,108.126429827700
01/04/2020,105.755000000000,109.704282411000,104.972628579000,109.398227152000,108.259523326000
01/05/2020,106.162000000000,110.989143654300,105.057736171500,109.398227152000,108.324866427700
01/06/2020,106.743000000000,111.398632813400,105.132066084400,109.400079555400,107.983985438000
01/07/2020,107.444000000000,112.039719957600,105.251676132700,109.419005047500,108.216308750700
01/08/2020,107.867000000000,112.397277478800,105.380568712500,109.459529852600,109.010756526300
01/09/2020,108.114000000000,112.781846432700,105.508043517500,110.741478146200,109.447256514700
01/10/2020,108.774000000000,113.071760090500,105.636006008700,110.691993251700,109.460027815300
01/11/2020,108.856000000000,113.208321157300,105.787160891000,110.691993251700,109.451611678300
01/12/2020,109.271000000000,113.620669813900,105.939306391400,110.691993251700,109.446618418900
01/01/2021,110.210000000000,114.400968535300,106.144357665400,110.570469258200,110.100733767100
01/02/2021,110.907000000000,114.885542337000,106.356584936000,110.613089387000,110.334015916800
01/03/2021,111.824000000000,115.551522425200,106.598842179300,110.621487295600,110.459454305800
01/04/2021,112.190000000000,116.149760254000,106.790597667700,110.621947463400,110.652228094500
01/05/2021,112.419000000000,117.087143022500,107.014552531500,110.623710638900,110.766849308500
01/06/2021,113.018000000000,117.977763009700,107.213742853200,110.656047069500,110.922483720700
01/07/2021,113.682000000000,118.916291369500,107.448358728700,110.763668112500,110.998605680800
01/08/2021,113.899000000000,119.714219807900,107.662908980700,111.557154752700,111.177260030800
01/09/2021,114.601000000000,120.525661648500,107.891959187200,113.000627458300,111.486052000100
01/10/2021,115.561000000000,121.167740494700,108.134338089400,113.002139848600,111.518507567100
01/11/2021,116.884000000000,121.799433192000,108.390692884900,113.002139848600,111.608772041300
01/12/2021,117.308000000000,122.832925490800,108.627609222900,113.002139848600,111.968215431600
01/01/2022,118.002000000000,124.422436274600,108.916034751300,113.593934720600,113.113418970900
01/02/2022,118.981000000000,125.686362046000,109.247189446100,114.141096006200,113.940838285500
01/03/2022,120.159000000000,127.196546660000,109.496671660300,114.141770774500,114.305048135200
01/04/2022,120.809000000000,128.790721549900,109.733001491100,114.141770774500,114.416236571500
01/05/2022,121.022000000000,130.281233551300,110.055666953200,114.210954511000,114.547869422400
01/06/2022,122.044000000000,131.945067524600,110.400965442100,114.308978260600,115.495783471700
01/07/2022,122.948000000000,133.292396202100,110.696640066900,114.387832432000,116.496248664300
01/08/2022,123.803000000000,135.200201071100,111.018428395500,115.666024419200,116.948616500100
01/09/2022,124.571000000000,136.656430116500,111.288485804800,118.071610244800,117.318526926500
01/10/2022,125.276000000000,138.070146438600,111.531690529200,118.071610244800,117.561879028100
01/11/2022,125.997000000000,138.962997700000,111.759503741100,118.071610244800,117.870734614300
01/12/2022,126.478000000000,140.197434711300,112.071724870500,118.071610244900,118.109579856200
01/01/2023,127.336000000000,141.945625660600,112.600544855000,118.678700442300,119.558347659200
01/02/2023,128.046000000000,142.909872878800,112.994953146200,119.651206449700,120.701097105500
01/03/2023,128.389000000000,143.663000486900,113.369318120500,119.707770117000,121.562228189700
01/04/2023,128.363000000000,144.429928464400,113.755956949000,119.707770117000,122.174934309900
01/05/2023,128.084000000000,145.183781058400,114.099707724000,119.783789156300,122.558390426500
01/06/2023,128.214000000000,145.790217317700,114.443059330000,119.849184189500,122.730023358500
01/07/2023,128.832000000000,146.343179245100,114.748326713800,120.014158788100,122.917710598600
01/08/2023,129.545000000000,146.605013356800,115.003164569600,122.016283580700,123.075136520200
01/09/2023,130.120000000000,147.004358592400,115.270425812000,125.854807203900,123.343282161000
01/10/2023,130.609000000000,147.671939264900,115.621161443100,125.864071815000,123.476673054000
01/11/2023,131.445000000000,148.382434448900,115.943803272000,125.864071815000,123.574457945200
01/12/2023,132.373000000000,148.960184876400,116.155798147500,125.864071815000,123.805918601200
01/01/2024,133.555000000000,149.809438995300,116.702510880600,126.547553460500,124.683564553400
01/02/2024,133.681000000000,150.412773372900,117.210909238700,127.299852560600,125.377755101700
01/03/2024,134.065000000000,150.861004657800,117.658599523400,127.319588804200,125.670153066100
01/04/2024,134.336000000000,151.341558139900,117.995254718100,127.319588804200,125.931956855300
01/05/2024,134.087000000000,151.709475793700,118.451412888100,127.383317609900,126.093014569500
01/06/2024,134.594000000000,151.938043435500,118.871030268700,127.459836136500,126.520889040800
01/07/2024,136.003000000000,152.245686312500,119.294139735000,127.651170709000,127.121378465000
01/08/2024,136.013000000000,152.663416074700,119.603120928900,129.451806276300,127.650733759700
01/09/2024,136.080000000000,152.760255231600,119.940953123200,133.138286744800,128.191952594900
01/10/2024,136.828000000000,153.295492090400,120.229015238400,133.153342063100,128.159614082000
